Ticker,Company,Sector,Market Cap,Exchange,Notes
360ONE,360ONE,FINANCIAL SERVICES,,NSE,Midcap150
3MINDIA,3M India Ltd.,DIVERSIFIED,,NSE,Midcap150
ACC,ACC Ltd.,CONSTRUCTION MATERIALS,,NSE,Midcap150
AIAENG,AIA Engineering Ltd.,CAPITAL GOODS,,NSE,Midcap150
APLAPOLLO,APL Apollo Tubes Ltd.,CAPITAL GOODS,,NSE,Midcap150
AUBANK,AU Small Finance Bank Ltd.,FINANCIAL SERVICES,,NSE,Midcap150
AWL,AWL,FAST MOVING CONSUMER GOODS,,NSE,Midcap150
ABBOTINDIA,ABBOTINDIA,HEALTHCARE,,NSE,Midcap150
ATGL,ATGL,OIL GAS & CONSUMABLE FUELS,,NSE,Midcap150
ABCAPITAL,Aditya Birla Capital Ltd.,FINANCIAL SERVICES,,NSE,Midcap150
AJANTPHARM,Ajanta Pharmaceuticals Ltd.,HEALTHCARE,,NSE,Midcap150
ALKEM,Alkem Laboratories Ltd.,HEALTHCARE,,NSE,Midcap150
ANTHEM,ANTHEM,HEALTHCARE,,NSE,Midcap150
APARINDS,APARINDS,CAPITAL GOODS,,NSE,Midcap150
APOLLOTYRE,Apollo Tyres Ltd.,AUTOMOBILE AND AUTO COMPONENTS,,NSE,Midcap150
ASHOKLEY,Ashok Leyland Ltd.,CAPITAL GOODS,,NSE,Midcap150
ASTRAL,Astral Poly Technik Ltd.,CAPITAL GOODS,,NSE,Midcap150
AUROPHARMA,Aurobindo Pharma Ltd.,HEALTHCARE,,NSE,Midcap150
AIIL,AIIL,FINANCIAL SERVICES,,NSE,Midcap150
BSE,BSE Ltd.,FINANCIAL SERVICES,,NSE,Midcap150
BAJAJHFL,BAJAJHFL,FINANCIAL SERVICES,,NSE,Midcap150
BALKRISIND,Balkrishna Industries Ltd.,AUTOMOBILE AND AUTO COMPONENTS,,NSE,Midcap150
BANKINDIA,Bank of India,FINANCIAL SERVICES,,NSE,Midcap150
MAHABANK,Bank of Maharashtra.,FINANCIAL SERVICES,,NSE,Midcap150
BERGEPAINT,Berger Paints India Ltd.,CONSUMER DURABLES,,NSE,Midcap150
BDL,Bharat Dynamics Ltd.,CAPITAL GOODS,,NSE,Midcap150
BHARATFORG,Bharat Forge Ltd.,AUTOMOBILE AND AUTO COMPONENTS,,NSE,Midcap150
BHEL,Bharat Heavy Electricals Ltd.,CAPITAL GOODS,,NSE,Midcap150
BHARTIHEXA,BHARTIHEXA,TELECOMMUNICATION,,NSE,Midcap150
GROWW,GROWW,FINANCIAL SERVICES,,NSE,Midcap150
BIOCON,Biocon Ltd.,HEALTHCARE,,NSE,Midcap150
BLUESTARCO,Blue Star Ltd.,CONSUMER DURABLES,,NSE,Midcap150
CRISIL,CRISIL Ltd.,FINANCIAL SERVICES,,NSE,Midcap150
COCHINSHIP,Cochin Shipyard Ltd.,CAPITAL GOODS,,NSE,Midcap150
COFORGE,COFORGE,INFORMATION TECHNOLOGY,,NSE,Midcap150
COLPAL,Colgate Palmolive (India) Ltd.,FAST MOVING CONSUMER GOODS,,NSE,Midcap150
CONCOR,Container Corporation of India Ltd.,SERVICES,,NSE,Midcap150
COROMANDEL,Coromandel International Ltd.,CHEMICALS,,NSE,Midcap150
DABUR,Dabur India Ltd.,FAST MOVING CONSUMER GOODS,,NSE,Midcap150
DALBHARAT,DALBHARAT,CONSTRUCTION MATERIALS,,NSE,Midcap150
DIXON,Dixon Technologies (India) Ltd.,CONSUMER DURABLES,,NSE,Midcap150
ENDURANCE,Endurance Technologies Ltd.,AUTOMOBILE AND AUTO COMPONENTS,,NSE,Midcap150
ESCORTS,Escorts Ltd.,CAPITAL GOODS,,NSE,Midcap150
EXIDEIND,Exide Industries Ltd.,AUTOMOBILE AND AUTO COMPONENTS,,NSE,Midcap150
NYKAA,NYKAA,CONSUMER SERVICES,,NSE,Midcap150
FEDERALBNK,Federal Bank Ltd.,FINANCIAL SERVICES,,NSE,Midcap150
FORTIS,Fortis Healthcare Ltd.,HEALTHCARE,,NSE,Midcap150
GVT&D,GVT&D,CAPITAL GOODS,,NSE,Midcap150
GMRAIRPORT,GMRAIRPORT,SERVICES,,NSE,Midcap150
GICRE,General Insurance Corporation of India,FINANCIAL SERVICES,,NSE,Midcap150
GLAXO,Glaxosmithkline Pharmaceuticals Ltd.,HEALTHCARE,,NSE,Midcap150
GLENMARK,Glenmark Pharmaceuticals Ltd.,HEALTHCARE,,NSE,Midcap150
MEDANTA,MEDANTA,HEALTHCARE,,NSE,Midcap150
GODFRYPHLP,Godfrey Phillips India Ltd.,FAST MOVING CONSUMER GOODS,,NSE,Midcap150
GODREJIND,Godrej Industries Ltd.,DIVERSIFIED,,NSE,Midcap150
GODREJPROP,Godrej Properties Ltd.,REALTY,,NSE,Midcap150
FLUOROCHEM,FLUOROCHEM,CHEMICALS,,NSE,Midcap150
HDBFS,HDBFS,FINANCIAL SERVICES,,NSE,Midcap150
HAVELLS,Havells India Ltd.,CONSUMER DURABLES,,NSE,Midcap150
HEROMOTOCO,Hero MotoCorp Ltd.,AUTOMOBILE AND AUTO COMPONENTS,,NSE,Midcap150
HEXT,HEXT,INFORMATION TECHNOLOGY,,NSE,Midcap150
HINDPETRO,Hindustan Petroleum Corporation Ltd.,OIL GAS & CONSUMABLE FUELS,,NSE,Midcap150
POWERINDIA,POWERINDIA,CAPITAL GOODS,,NSE,Midcap150
HONAUT,Honeywell Automation India Ltd.,CAPITAL GOODS,,NSE,Midcap150
HUDCO,Housing & Urban Development Corporation Ltd.,FINANCIAL SERVICES,,NSE,Midcap150
ICICIGI,ICICI Lombard General Insurance Company Ltd.,FINANCIAL SERVICES,,NSE,Midcap150
ICICIAMC,ICICIAMC,FINANCIAL SERVICES,,NSE,Midcap150
ICICIPRULI,ICICI Prudential Life Insurance Company Ltd.,FINANCIAL SERVICES,,NSE,Midcap150
IDFCFIRSTB,IDFC First Bank Ltd.,FINANCIAL SERVICES,,NSE,Midcap150
ITCHOTELS,ITCHOTELS,CONSUMER SERVICES,,NSE,Midcap150
INDIANB,Indian Bank,FINANCIAL SERVICES,,NSE,Midcap150
IRCTC,IRCTC,CONSUMER SERVICES,,NSE,Midcap150
IREDA,IREDA,FINANCIAL SERVICES,,NSE,Midcap150
INDUSTOWER,INDUSTOWER,TELECOMMUNICATION,,NSE,Midcap150
INDUSINDBK,IndusInd Bank Ltd.,FINANCIAL SERVICES,,NSE,Midcap150
NAUKRI,Info Edge (India) Ltd.,CONSUMER SERVICES,,NSE,Midcap150
IPCALAB,Ipca Laboratories Ltd.,HEALTHCARE,,NSE,Midcap150
JKCEMENT,J.K. Cement Ltd.,CONSTRUCTION MATERIALS,,NSE,Midcap150
JSWENERGY,JSW Energy Ltd.,POWER,,NSE,Midcap150
JSWINFRA,JSWINFRA,SERVICES,,NSE,Midcap150
JSL,Jindal Stainless Ltd.,METALS & MINING,,NSE,Midcap150
JUBLFOOD,Jubilant Foodworks Ltd.,CONSUMER SERVICES,,NSE,Midcap150
KPRMILL,K.P.R. Mill Ltd.,TEXTILES,,NSE,Midcap150
KEI,KEI Industries Ltd.,CAPITAL GOODS,,NSE,Midcap150
KPITTECH,KPITTECH,INFORMATION TECHNOLOGY,,NSE,Midcap150
KALYANKJIL,KALYANKJIL,CONSUMER DURABLES,,NSE,Midcap150
LTF,LTF,FINANCIAL SERVICES,,NSE,Midcap150
LTTS,L&T Technology Services Ltd.,INFORMATION TECHNOLOGY,,NSE,Midcap150
LGEINDIA,LGEINDIA,CONSUMER DURABLES,,NSE,Midcap150
LICHSGFIN,LIC Housing Finance Ltd.,FINANCIAL SERVICES,,NSE,Midcap150
LAURUSLABS,Laurus Labs Ltd.,HEALTHCARE,,NSE,Midcap150
LENSKART,LENSKART,CONSUMER SERVICES,,NSE,Midcap150
LICI,LICI,FINANCIAL SERVICES,,NSE,Midcap150
LINDEINDIA,Linde India Ltd.,CHEMICALS,,NSE,Midcap150
LLOYDSME,LLOYDSME,METALS & MINING,,NSE,Midcap150
LUPIN,Lupin Ltd.,HEALTHCARE,,NSE,Midcap150
MRF,MRF Ltd.,AUTOMOBILE AND AUTO COMPONENTS,,NSE,Midcap150
M&MFIN,Mahindra & Mahindra Financial Services Ltd.,FINANCIAL SERVICES,,NSE,Midcap150
MANKIND,MANKIND,HEALTHCARE,,NSE,Midcap150
MARICO,Marico Ltd.,FAST MOVING CONSUMER GOODS,,NSE,Midcap150
MFSL,Max Financial Services Ltd.,FINANCIAL SERVICES,,NSE,Midcap150
MOTILALOFS,Motilal Oswal Financial Services Ltd.,FINANCIAL SERVICES,,NSE,Midcap150
MPHASIS,MphasiS Ltd.,INFORMATION TECHNOLOGY,,NSE,Midcap150
MCX,MCX,FINANCIAL SERVICES,,NSE,Midcap150
NHPC,NHPC Ltd.,POWER,,NSE,Midcap150
NLCINDIA,NLC India Ltd.,POWER,,NSE,Midcap150
NMDC,NMDC Ltd.,METALS & MINING,,NSE,Midcap150
NTPCGREEN,NTPCGREEN,POWER,,NSE,Midcap150
NATIONALUM,National Aluminium Co. Ltd.,METALS & MINING,,NSE,Midcap150
NAM-INDIA,NAM-INDIA,FINANCIAL SERVICES,,NSE,Midcap150
OBEROIRLTY,Oberoi Realty Ltd.,REALTY,,NSE,Midcap150
OIL,Oil India Ltd.,OIL GAS & CONSUMABLE FUELS,,NSE,Midcap150
PAYTM,PAYTM,FINANCIAL SERVICES,,NSE,Midcap150
OFSS,Oracle Financial Services Software Ltd.,INFORMATION TECHNOLOGY,,NSE,Midcap150
POLICYBZR,POLICYBZR,FINANCIAL SERVICES,,NSE,Midcap150
PIIND,PI Industries Ltd.,CHEMICALS,,NSE,Midcap150
PAGEIND,Page Industries Ltd.,TEXTILES,,NSE,Midcap150
PATANJALI,PATANJALI,FAST MOVING CONSUMER GOODS,,NSE,Midcap150
PERSISTENT,Persistent Systems Ltd.,INFORMATION TECHNOLOGY,,NSE,Midcap150
PETRONET,Petronet LNG Ltd.,OIL GAS & CONSUMABLE FUELS,,NSE,Midcap150
PHOENIXLTD,Phoenix Mills Ltd.,REALTY,,NSE,Midcap150
POLYCAB,POLYCAB,CAPITAL GOODS,,NSE,Midcap150
PREMIERENE,PREMIERENE,CAPITAL GOODS,,NSE,Midcap150
PRESTIGE,Prestige Estates Projects Ltd.,REALTY,,NSE,Midcap150
RADICO,Radico Khaitan Ltd,FAST MOVING CONSUMER GOODS,,NSE,Midcap150
RVNL,RVNL,CONSTRUCTION,,NSE,Midcap150
SBICARD,SBICARD,FINANCIAL SERVICES,,NSE,Midcap150
SJVN,SJVN Ltd.,POWER,,NSE,Midcap150
SRF,SRF Ltd.,CHEMICALS,,NSE,Midcap150
SCHAEFFLER,Schaeffler India Ltd.,AUTOMOBILE AND AUTO COMPONENTS,,NSE,Midcap150
SAIL,Steel Authority of India Ltd.,METALS & MINING,,NSE,Midcap150
SUNDARMFIN,Sundaram Finance Ltd.,FINANCIAL SERVICES,,NSE,Midcap150
SUPREMEIND,Supreme Industries Ltd.,CAPITAL GOODS,,NSE,Midcap150
SUZLON,Suzlon Energy Ltd.,CAPITAL GOODS,,NSE,Midcap150
SWIGGY,SWIGGY,CONSUMER SERVICES,,NSE,Midcap150
TATACOMM,TATACOMM,TELECOMMUNICATION,,NSE,Midcap150
TATAELXSI,Tata Elxsi Ltd.,INFORMATION TECHNOLOGY,,NSE,Midcap150
TATAINVEST,Tata Investment Corporation Ltd.,FINANCIAL SERVICES,,NSE,Midcap150
NIACL,The New India Assurance Company Ltd.,FINANCIAL SERVICES,,NSE,Midcap150
THERMAX,Thermax Ltd.,CAPITAL GOODS,,NSE,Midcap150
TORNTPOWER,Torrent Power Ltd.,POWER,,NSE,Midcap150
TIINDIA,Tube Investments of India Ltd.,AUTOMOBILE AND AUTO COMPONENTS,,NSE,Midcap150
UNOMINDA,UNOMINDA,AUTOMOBILE AND AUTO COMPONENTS,,NSE,Midcap150
UPL,UPL Ltd.,CHEMICALS,,NSE,Midcap150
UBL,United Breweries Ltd.,FAST MOVING CONSUMER GOODS,,NSE,Midcap150
VMM,VMM,CONSUMER SERVICES,,NSE,Midcap150
IDEA,Vodafone Idea Ltd.,TELECOMMUNICATION,,NSE,Midcap150
VOLTAS,Voltas Ltd.,CONSUMER DURABLES,,NSE,Midcap150
WAAREEENER,WAAREEENER,CAPITAL GOODS,,NSE,Midcap150
YESBANK,Yes Bank Ltd.,FINANCIAL SERVICES,,NSE,Midcap150
ACMESOLAR,ACMESOLAR,POWER,,NSE,Smallcap250
AADHARHFC,AADHARHFC,FINANCIAL SERVICES,,NSE,Smallcap250
AARTIIND,AARTIIND,CHEMICALS,,NSE,Smallcap250
AAVAS,Aavas Financiers Ltd.,FINANCIAL SERVICES,,NSE,Smallcap250
ACE,ACE,CAPITAL GOODS,,NSE,Smallcap250
ACUTAAS,ACUTAAS,HEALTHCARE,,NSE,Smallcap250
ABFRL,Aditya Birla Fashion and Retail Ltd.,CONSUMER SERVICES,,NSE,Smallcap250
ABLBL,ABLBL,CONSUMER SERVICES,,NSE,Smallcap250
ABREL,ABREL,REALTY,,NSE,Smallcap250
ABSLAMC,ABSLAMC,FINANCIAL SERVICES,,NSE,Smallcap250
CPPLUS,CPPLUS,CAPITAL GOODS,,NSE,Smallcap250
AEGISLOG,AEGISLOG,OIL GAS & CONSUMABLE FUELS,,NSE,Smallcap250
AEGISVOPAK,AEGISVOPAK,OIL GAS & CONSUMABLE FUELS,,NSE,Smallcap250
AFCONS,AFCONS,CONSTRUCTION,,NSE,Smallcap250
AFFLE,AFFLE,INFORMATION TECHNOLOGY,,NSE,Smallcap250
ABDL,ABDL,FAST MOVING CONSUMER GOODS,,NSE,Smallcap250
ARE&M,ARE&M,AUTOMOBILE AND AUTO COMPONENTS,,NSE,Smallcap250
AMBER,AMBER,CONSUMER DURABLES,,NSE,Smallcap250
ANANDRATHI,ANANDRATHI,FINANCIAL SERVICES,,NSE,Smallcap250
ANANTRAJ,ANANTRAJ,REALTY,,NSE,Smallcap250
ANGELONE,ANGELONE,FINANCIAL SERVICES,,NSE,Smallcap250
ANURAS,ANURAS,CHEMICALS,,NSE,Smallcap250
APTUS,APTUS,FINANCIAL SERVICES,,NSE,Smallcap250
ASAHIINDIA,ASAHIINDIA,AUTOMOBILE AND AUTO COMPONENTS,,NSE,Smallcap250
ASTERDM,Aster DM Healthcare Ltd.,HEALTHCARE,,NSE,Smallcap250
ATHERENERG,ATHERENERG,AUTOMOBILE AND AUTO COMPONENTS,,NSE,Smallcap250
ATUL,Atul Ltd.,CHEMICALS,,NSE,Smallcap250
BEML,BEML Ltd.,CAPITAL GOODS,,NSE,Smallcap250
BLS,BLS,CONSUMER SERVICES,,NSE,Smallcap250
BALRAMCHIN,Balrampur Chini Mills Ltd.,FAST MOVING CONSUMER GOODS,,NSE,Smallcap250
BANDHANBNK,Bandhan Bank Ltd.,FINANCIAL SERVICES,,NSE,Smallcap250
BATAINDIA,Bata India Ltd.,CONSUMER DURABLES,,NSE,Smallcap250
BAYERCROP,BAYERCROP,CHEMICALS,,NSE,Smallcap250
BELRISE,BELRISE,AUTOMOBILE AND AUTO COMPONENTS,,NSE,Smallcap250
BIKAJI,BIKAJI,FAST MOVING CONSUMER GOODS,,NSE,Smallcap250
BSOFT,BSOFT,INFORMATION TECHNOLOGY,,NSE,Smallcap250
BLUEDART,Blue Dart Express Ltd.,SERVICES,,NSE,Smallcap250
BLUEJET,BLUEJET,HEALTHCARE,,NSE,Smallcap250
BBTC,Bombay Burmah Trading Corporation Ltd.,FAST MOVING CONSUMER GOODS,,NSE,Smallcap250
FIRSTCRY,FIRSTCRY,CONSUMER SERVICES,,NSE,Smallcap250
BRIGADE,Brigade Enterprises Ltd.,REALTY,,NSE,Smallcap250
MAPMYINDIA,MAPMYINDIA,INFORMATION TECHNOLOGY,,NSE,Smallcap250
CCL,CCL Products (I) Ltd.,FAST MOVING CONSUMER GOODS,,NSE,Smallcap250
CESC,CESC Ltd.,POWER,,NSE,Smallcap250
CIEINDIA,CIEINDIA,AUTOMOBILE AND AUTO COMPONENTS,,NSE,Smallcap250
CANFINHOME,Can Fin Homes Ltd.,FINANCIAL SERVICES,,NSE,Smallcap250
CANHLIFE,CANHLIFE,FINANCIAL SERVICES,,NSE,Smallcap250
CAPLIPOINT,Caplin Point Laboratories Ltd.,HEALTHCARE,,NSE,Smallcap250
CGCL,CGCL,FINANCIAL SERVICES,,NSE,Smallcap250
CARBORUNIV,Carborundum Universal Ltd.,CAPITAL GOODS,,NSE,Smallcap250
CARTRADE,CARTRADE,CONSUMER SERVICES,,NSE,Smallcap250
CASTROLIND,Castrol India Ltd.,OIL GAS & CONSUMABLE FUELS,,NSE,Smallcap250
CEATLTD,Ceat Ltd.,AUTOMOBILE AND AUTO COMPONENTS,,NSE,Smallcap250
CEMPRO,CEMPRO,CONSTRUCTION,,NSE,Smallcap250
CENTRALBK,Central Bank of India,FINANCIAL SERVICES,,NSE,Smallcap250
CDSL,Central Depository Services (India) Ltd.,FINANCIAL SERVICES,,NSE,Smallcap250
CHALET,CHALET,CONSUMER SERVICES,,NSE,Smallcap250
CHAMBLFERT,Chambal Fertilizers & Chemicals Ltd.,CHEMICALS,,NSE,Smallcap250
CHENNPETRO,Chennai Petroleum Corporation Ltd.,OIL GAS & CONSUMABLE FUELS,,NSE,Smallcap250
CHOICEIN,CHOICEIN,FINANCIAL SERVICES,,NSE,Smallcap250
CHOLAHLDNG,Cholamandalam Financial Holdings Ltd.,FINANCIAL SERVICES,,NSE,Smallcap250
CUB,City Union Bank Ltd.,FINANCIAL SERVICES,,NSE,Smallcap250
CLEAN,CLEAN,CHEMICALS,,NSE,Smallcap250
COHANCE,COHANCE,HEALTHCARE,,NSE,Smallcap250
CAMS,CAMS,FINANCIAL SERVICES,,NSE,Smallcap250
CONCORDBIO,CONCORDBIO,HEALTHCARE,,NSE,Smallcap250
CRAFTSMAN,CRAFTSMAN,AUTOMOBILE AND AUTO COMPONENTS,,NSE,Smallcap250
CREDITACC,CreditAccess Grameen Ltd.,FINANCIAL SERVICES,,NSE,Smallcap250
CROMPTON,Crompton Greaves Consumer Electricals Ltd.,CONSUMER DURABLES,,NSE,Smallcap250
CYIENT,Cyient Ltd.,INFORMATION TECHNOLOGY,,NSE,Smallcap250
DCMSHRIRAM,DCM Shriram Ltd.,DIVERSIFIED,,NSE,Smallcap250
DOMS,DOMS,FAST MOVING CONSUMER GOODS,,NSE,Smallcap250
DATAPATTNS,DATAPATTNS,CAPITAL GOODS,,NSE,Smallcap250
DEEPAKFERT,DEEPAKFERT,CHEMICALS,,NSE,Smallcap250
DEEPAKNTR,Deepak Nitrite Ltd.,CHEMICALS,,NSE,Smallcap250
DELHIVERY,DELHIVERY,SERVICES,,NSE,Smallcap250
DEVYANI,DEVYANI,CONSUMER SERVICES,,NSE,Smallcap250
LALPATHLAB,Dr. Lal Path Labs Ltd.,HEALTHCARE,,NSE,Smallcap250
EIDPARRY,E.I.D. Parry (India) Ltd.,FAST MOVING CONSUMER GOODS,,NSE,Smallcap250
EIHOTEL,EIH Ltd.,CONSUMER SERVICES,,NSE,Smallcap250
ELECON,ELECON,CAPITAL GOODS,,NSE,Smallcap250
ELGIEQUIP,Elgi Equipments Ltd.,CAPITAL GOODS,,NSE,Smallcap250
EMAMILTD,Emami Ltd.,FAST MOVING CONSUMER GOODS,,NSE,Smallcap250
EMCURE,EMCURE,HEALTHCARE,,NSE,Smallcap250
EMMVEE,EMMVEE,CAPITAL GOODS,,NSE,Smallcap250
ENGINERSIN,Engineers India Ltd.,CONSTRUCTION,,NSE,Smallcap250
ERIS,Eris Lifesciences Ltd.,HEALTHCARE,,NSE,Smallcap250
FACT,FACT,CHEMICALS,,NSE,Smallcap250
FINCABLES,Finolex Cables Ltd.,CAPITAL GOODS,,NSE,Smallcap250
FSL,Firstsource Solutions Ltd.,SERVICES,,NSE,Smallcap250
FIVESTAR,FIVESTAR,FINANCIAL SERVICES,,NSE,Smallcap250
FORCEMOT,FORCEMOT,AUTOMOBILE AND AUTO COMPONENTS,,NSE,Smallcap250
GABRIEL,GABRIEL,AUTOMOBILE AND AUTO COMPONENTS,,NSE,Smallcap250
GALLANTT,GALLANTT,CAPITAL GOODS,,NSE,Smallcap250
GRSE,GRSE,CAPITAL GOODS,,NSE,Smallcap250
GILLETTE,Gillette India Ltd.,FAST MOVING CONSUMER GOODS,,NSE,Smallcap250
GLAND,GLAND,HEALTHCARE,,NSE,Smallcap250
GODIGIT,GODIGIT,FINANCIAL SERVICES,,NSE,Smallcap250
GPIL,GPIL,CAPITAL GOODS,,NSE,Smallcap250
GRANULES,Granules India Ltd.,HEALTHCARE,,NSE,Smallcap250
GRAPHITE,Graphite India Ltd.,CAPITAL GOODS,,NSE,Smallcap250
GRAVITA,GRAVITA,METALS & MINING,,NSE,Smallcap250
GESHIP,Great Eastern Shipping Co. Ltd.,SERVICES,,NSE,Smallcap250
GMDCLTD,Gujarat Mineral Development Corporation Ltd.,METALS & MINING,,NSE,Smallcap250
HBLENGINE,HBLENGINE,CAPITAL GOODS,,NSE,Smallcap250
HEGAM,HEG Advanced Materials,CAPITAL GOODS,,NSE,Smallcap250
HSCL,Himadri Speciality Chemical Ltd.,CHEMICALS,,NSE,Smallcap250
HINDCOPPER,Hindustan Copper Ltd.,METALS & MINING,,NSE,Smallcap250
HOMEFIRST,HOMEFIRST,FINANCIAL SERVICES,,NSE,Smallcap250
HONASA,HONASA,FAST MOVING CONSUMER GOODS,,NSE,Smallcap250
IDBI,IDBI Bank Ltd.,FINANCIAL SERVICES,,NSE,Smallcap250
IFCI,IFCI Ltd.,FINANCIAL SERVICES,,NSE,Smallcap250
IIFL,IIFL,FINANCIAL SERVICES,,NSE,Smallcap250
IRB,IRB Infrastructure Developers Ltd.,CONSTRUCTION,,NSE,Smallcap250
IRCON,IRCON International Ltd.,CONSTRUCTION,,NSE,Smallcap250
ITI,ITI Ltd.,TELECOMMUNICATION,,NSE,Smallcap250
INDGN,INDGN,HEALTHCARE,,NSE,Smallcap250
INDIACEM,India Cements Ltd.,CONSTRUCTION MATERIALS,,NSE,Smallcap250
INDIAMART,INDIAMART,CONSUMER SERVICES,,NSE,Smallcap250
IEX,Indian Energy Exchange Ltd.,FINANCIAL SERVICES,,NSE,Smallcap250
IOB,Indian Overseas Bank,FINANCIAL SERVICES,,NSE,Smallcap250
IGL,Indraprastha Gas Ltd.,OIL GAS & CONSUMABLE FUELS,,NSE,Smallcap250
INOXWIND,INOXWIND,CAPITAL GOODS,,NSE,Smallcap250
INTELLECT,Intellect Design Arena Ltd.,INFORMATION TECHNOLOGY,,NSE,Smallcap250
IGIL,IGIL,SERVICES,,NSE,Smallcap250
IKS,IKS,INFORMATION TECHNOLOGY,,NSE,Smallcap250
JBMA,JBMA,AUTOMOBILE AND AUTO COMPONENTS,,NSE,Smallcap250
JKTYRE,JK Tyre & Industries Ltd.,AUTOMOBILE AND AUTO COMPONENTS,,NSE,Smallcap250
JMFINANCIL,JM Financial Ltd.,FINANCIAL SERVICES,,NSE,Smallcap250
JSWCEMENT,JSWCEMENT,CONSTRUCTION MATERIALS,,NSE,Smallcap250
JSWDULUX,JSWDULUX,CONSUMER DURABLES,,NSE,Smallcap250
JAINREC,JAINREC,METALS & MINING,,NSE,Smallcap250
JPPOWER,JPPOWER,POWER,,NSE,Smallcap250
J&KBANK,J&KBANK,FINANCIAL SERVICES,,NSE,Smallcap250
JINDALSAW,Jindal Saw Ltd.,CAPITAL GOODS,,NSE,Smallcap250
JUBLINGREA,JUBLINGREA,CHEMICALS,,NSE,Smallcap250
JUBLPHARMA,JUBLPHARMA,HEALTHCARE,,NSE,Smallcap250
JWL,JWL,CAPITAL GOODS,,NSE,Smallcap250
JYOTICNC,JYOTICNC,CAPITAL GOODS,,NSE,Smallcap250
KAJARIACER,Kajaria Ceramics Ltd.,CONSUMER DURABLES,,NSE,Smallcap250
KPIL,KPIL,CONSTRUCTION,,NSE,Smallcap250
KARURVYSYA,Karur Vysya Bank Ltd.,FINANCIAL SERVICES,,NSE,Smallcap250
KAYNES,KAYNES,CAPITAL GOODS,,NSE,Smallcap250
KEC,Kec International Ltd.,CONSTRUCTION,,NSE,Smallcap250
KFINTECH,KFINTECH,FINANCIAL SERVICES,,NSE,Smallcap250
KIRLOSENG,Kirloskar Oil Eng Ltd.,CAPITAL GOODS,,NSE,Smallcap250
KIMS,KIMS,HEALTHCARE,,NSE,Smallcap250
LTFOODS,LTFOODS,FAST MOVING CONSUMER GOODS,,NSE,Smallcap250
LATENTVIEW,LATENTVIEW,INFORMATION TECHNOLOGY,,NSE,Smallcap250
THELEELA,THELEELA,CONSUMER SERVICES,,NSE,Smallcap250
LEMONTREE,Lemon Tree Hotels Ltd.,CONSUMER SERVICES,,NSE,Smallcap250
MMTC,MMTC Ltd.,SERVICES,,NSE,Smallcap250
MGL,Mahanagar Gas Ltd.,OIL GAS & CONSUMABLE FUELS,,NSE,Smallcap250
MANAPPURAM,Manappuram Finance Ltd.,FINANCIAL SERVICES,,NSE,Smallcap250
MRPL,Mangalore Refinery & Petrochemicals Ltd.,OIL GAS & CONSUMABLE FUELS,,NSE,Smallcap250
MEESHO,MEESHO,CONSUMER SERVICES,,NSE,Smallcap250
MINDACORP,Minda Corporation Ltd.,AUTOMOBILE AND AUTO COMPONENTS,,NSE,Smallcap250
MSUMI,MSUMI,AUTOMOBILE AND AUTO COMPONENTS,,NSE,Smallcap250
NATCOPHARM,NATCO Pharma Ltd.,HEALTHCARE,,NSE,Smallcap250
NBCC,NBCC (India) Ltd.,CONSTRUCTION,,NSE,Smallcap250
NCC,NCC Ltd.,CONSTRUCTION,,NSE,Smallcap250
NSLNISP,NSLNISP,METALS & MINING,,NSE,Smallcap250
NH,Narayana Hrudayalaya Ltd.,HEALTHCARE,,NSE,Smallcap250
NAVA,NAVA,POWER,,NSE,Smallcap250
NAVINFLUOR,Navin Fluorine International Ltd.,CHEMICALS,,NSE,Smallcap250
NETWEB,NETWEB,INFORMATION TECHNOLOGY,,NSE,Smallcap250
NEULANDLAB,NEULANDLAB,HEALTHCARE,,NSE,Smallcap250
NEWGEN,NEWGEN,INFORMATION TECHNOLOGY,,NSE,Smallcap250
NIVABUPA,NIVABUPA,FINANCIAL SERVICES,,NSE,Smallcap250
NUVAMA,NUVAMA,FINANCIAL SERVICES,,NSE,Smallcap250
NUVOCO,NUVOCO,CONSTRUCTION MATERIALS,,NSE,Smallcap250
OLAELEC,OLAELEC,AUTOMOBILE AND AUTO COMPONENTS,,NSE,Smallcap250
OLECTRA,OLECTRA,AUTOMOBILE AND AUTO COMPONENTS,,NSE,Smallcap250
ONESOURCE,ONESOURCE,HEALTHCARE,,NSE,Smallcap250
PCBL,PCBL,CHEMICALS,,NSE,Smallcap250
PGEL,PGEL,CONSUMER DURABLES,,NSE,Smallcap250
PNBHOUSING,PNB Housing Finance Ltd.,FINANCIAL SERVICES,,NSE,Smallcap250
PTCIL,PTCIL,CAPITAL GOODS,,NSE,Smallcap250
PVRINOX,PVRINOX,MEDIA ENTERTAINMENT & PUBLICATION,,NSE,Smallcap250
PARADEEP,PARADEEP,CHEMICALS,,NSE,Smallcap250
PFIZER,Pfizer Ltd.,HEALTHCARE,,NSE,Smallcap250
PWL,PWL,CONSUMER SERVICES,,NSE,Smallcap250
PINELABS,PINELABS,FINANCIAL SERVICES,,NSE,Smallcap250
PIRAMALFIN,PIRAMALFIN,FINANCIAL SERVICES,,NSE,Smallcap250
PPLPHARMA,PPLPHARMA,HEALTHCARE,,NSE,Smallcap250
POLYMED,POLYMED,HEALTHCARE,,NSE,Smallcap250
POONAWALLA,POONAWALLA,FINANCIAL SERVICES,,NSE,Smallcap250
PFOCUS,PFOCUS,MEDIA ENTERTAINMENT & PUBLICATION,,NSE,Smallcap250
RRKABEL,RRKABEL,CAPITAL GOODS,,NSE,Smallcap250
RBLBANK,RBL Bank Ltd.,FINANCIAL SERVICES,,NSE,Smallcap250
RHIM,RHIM,CAPITAL GOODS,,NSE,Smallcap250
RITES,RITES Ltd.,CONSTRUCTION,,NSE,Smallcap250
RAILTEL,RAILTEL,TELECOMMUNICATION,,NSE,Smallcap250
RAINBOW,RAINBOW,HEALTHCARE,,NSE,Smallcap250
RKFORGE,Ramkrishna Forgings Ltd.,AUTOMOBILE AND AUTO COMPONENTS,,NSE,Smallcap250
REDINGTON,Redington (India) Ltd.,SERVICES,,NSE,Smallcap250
RPOWER,RPOWER,POWER,,NSE,Smallcap250
SBFC,SBFC,FINANCIAL SERVICES,,NSE,Smallcap250
SAGILITY,SAGILITY,INFORMATION TECHNOLOGY,,NSE,Smallcap250
SAILIFE,SAILIFE,HEALTHCARE,,NSE,Smallcap250
SAMMAANCAP,SAMMAANCAP,FINANCIAL SERVICES,,NSE,Smallcap250
SAPPHIRE,SAPPHIRE,CONSUMER SERVICES,,NSE,Smallcap250
SARDAEN,SARDAEN,METALS & MINING,,NSE,Smallcap250
SAREGAMA,SAREGAMA,MEDIA ENTERTAINMENT & PUBLICATION,,NSE,Smallcap250
SCHNEIDER,SCHNEIDER,CAPITAL GOODS,,NSE,Smallcap250
SCI,SCI,SERVICES,,NSE,Smallcap250
SHYAMMETL,SHYAMMETL,CAPITAL GOODS,,NSE,Smallcap250
SIGNATURE,SIGNATURE,REALTY,,NSE,Smallcap250
SOBHA,Sobha Ltd.,REALTY,,NSE,Smallcap250
SONACOMS,SONACOMS,AUTOMOBILE AND AUTO COMPONENTS,,NSE,Smallcap250
SONATSOFTW,Sonata Software Ltd.,INFORMATION TECHNOLOGY,,NSE,Smallcap250
STARHEALTH,STARHEALTH,FINANCIAL SERVICES,,NSE,Smallcap250
SUMICHEM,SUMICHEM,CHEMICALS,,NSE,Smallcap250
SUNTV,Sun TV Network Ltd.,MEDIA ENTERTAINMENT & PUBLICATION,,NSE,Smallcap250
SPLPETRO,SPLPETRO,CHEMICALS,,NSE,Smallcap250
SWANCORP,SWANCORP,CHEMICALS,,NSE,Smallcap250
SYNGENE,Syngene International Ltd.,HEALTHCARE,,NSE,Smallcap250
SYRMA,SYRMA,CAPITAL GOODS,,NSE,Smallcap250
TBOTEK,TBOTEK,CONSUMER SERVICES,,NSE,Smallcap250
TATACHEM,Tata Chemicals Ltd.,CHEMICALS,,NSE,Smallcap250
TATATECH,TATATECH,INFORMATION TECHNOLOGY,,NSE,Smallcap250
TTML,TTML,TELECOMMUNICATION,,NSE,Smallcap250
TECHNOE,TECHNOE,CONSTRUCTION,,NSE,Smallcap250
TEGA,TEGA,CAPITAL GOODS,,NSE,Smallcap250
TEJASNET,TEJASNET,TELECOMMUNICATION,,NSE,Smallcap250
TENNIND,TENNIND,AUTOMOBILE AND AUTO COMPONENTS,,NSE,Smallcap250
RAMCOCEM,The Ramco Cements Ltd.,CONSTRUCTION MATERIALS,,NSE,Smallcap250
TIMKEN,Timken India Ltd.,CAPITAL GOODS,,NSE,Smallcap250
TITAGARH,TITAGARH,CAPITAL GOODS,,NSE,Smallcap250
TARIL,TARIL,CAPITAL GOODS,,NSE,Smallcap250
TRAVELFOOD,TRAVELFOOD,CONSUMER SERVICES,,NSE,Smallcap250
TRIDENT,Trident Ltd.,TEXTILES,,NSE,Smallcap250
TRITURBINE,Triveni Turbine Ltd.,CAPITAL GOODS,,NSE,Smallcap250
UCOBANK,UCO Bank,FINANCIAL SERVICES,,NSE,Smallcap250
UTIAMC,UTIAMC,FINANCIAL SERVICES,,NSE,Smallcap250
URBANCO,URBANCO,CONSUMER SERVICES,,NSE,Smallcap250
USHAMART,USHAMART,CAPITAL GOODS,,NSE,Smallcap250
VTL,Vardhman Textiles Ltd.,TEXTILES,,NSE,Smallcap250
VIJAYA,VIJAYA,HEALTHCARE,,NSE,Smallcap250
WELCORP,Welspun Corp Ltd.,CAPITAL GOODS,,NSE,Smallcap250
WELSPUNLIV,WELSPUNLIV,TEXTILES,,NSE,Smallcap250
WHIRLPOOL,Whirlpool of India Ltd.,CONSUMER DURABLES,,NSE,Smallcap250
WOCKPHARMA,Wockhardt Ltd.,HEALTHCARE,,NSE,Smallcap250
ZFCVINDIA,ZFCVINDIA,AUTOMOBILE AND AUTO COMPONENTS,,NSE,Smallcap250
ZEEL,Zee Entertainment Enterprises Ltd.,MEDIA ENTERTAINMENT & PUBLICATION,,NSE,Smallcap250
ZENTEC,ZENTEC,CAPITAL GOODS,,NSE,Smallcap250
ZENSARTECH,Zensar Technolgies Ltd.,INFORMATION TECHNOLOGY,,NSE,Smallcap250
ZYDUSWELL,Zydus Wellness Ltd.,FAST MOVING CONSUMER GOODS,,NSE,Smallcap250
ECLERX,eClerx Services Ltd.,SERVICES,,NSE,Smallcap250
ASKAUTOLTD,ASK Automotive,AUTOMOBILE AND AUTO COMPONENTS,,NSE,Microcap250
AXISCADES,AXISCADES Technologies,CAPITAL GOODS,,NSE,Microcap250
AARTIDRUGS,Aarti Drugs,HEALTHCARE,,NSE,Microcap250
AARTIPHARM,Aarti Pharmalabs,HEALTHCARE,,NSE,Microcap250
AVL,Aditya Vision,CONSUMER SERVICES,,NSE,Microcap250
ADVENZYMES,Advanced Enzyme Tech,HEALTHCARE,,NSE,Microcap250
AEQUS,Aequs,CAPITAL GOODS,,NSE,Microcap250
AETHER,Aether Industries,CHEMICALS,,NSE,Microcap250
AHLUCONT,Ahluwalia Contracts (India),CONSTRUCTION,,NSE,Microcap250
AKUMS,Akums Drugs and Pharmaceuticals,HEALTHCARE,,NSE,Microcap250
APLLTD,Alembic Pharmaceuticals,HEALTHCARE,,NSE,Microcap250
ALIVUS,Alivus Life Sciences,HEALTHCARE,,NSE,Microcap250
ALKYLAMINE,Alkyl Amines Chemicals,CHEMICALS,,NSE,Microcap250
ALOKINDS,Alok Industries,TEXTILES,,NSE,Microcap250
APOLLO,Apollo Micro Systems,CAPITAL GOODS,,NSE,Microcap250
ACI,Archean Chemical Industries,CHEMICALS,,NSE,Microcap250
ARVINDFASN,Arvind Fashions,CONSUMER SERVICES,,NSE,Microcap250
ARVIND,Arvind,TEXTILES,,NSE,Microcap250
ASHAPURMIN,Ashapura Minechem,METALS & MINING,,NSE,Microcap250
ASHOKA,Ashoka Buildcon,CONSTRUCTION,,NSE,Microcap250
ASTRAMICRO,Astra Microwave Products,CAPITAL GOODS,,NSE,Microcap250
ATLANTAELE,Atlanta Electricals,CAPITAL GOODS,,NSE,Microcap250
AURIONPRO,Aurionpro Solution,INFORMATION TECHNOLOGY,,NSE,Microcap250
AVALON,Avalon Technologies,CAPITAL GOODS,,NSE,Microcap250
AVANTIFEED,Avanti Feeds,FAST MOVING CONSUMER GOODS,,NSE,Microcap250
CCAVENUE,AvenuesAI,FINANCIAL SERVICES,,NSE,Microcap250
AWFIS,Awfis Space Solutions,SERVICES,,NSE,Microcap250
AZAD,Azad Engineering,CAPITAL GOODS,,NSE,Microcap250
BAJAJELEC,Bajaj Electricals,CONSUMER DURABLES,,NSE,Microcap250
BALAMINES,Balaji Amines,CHEMICALS,,NSE,Microcap250
BALUFORGE,Balu Forge Industries,CAPITAL GOODS,,NSE,Microcap250
BANCOINDIA,Banco Products (India),AUTOMOBILE AND AUTO COMPONENTS,,NSE,Microcap250
BIRLACORPN,Birla Corporation,CONSTRUCTION MATERIALS,,NSE,Microcap250
BBOX,Black Box,INFORMATION TECHNOLOGY,,NSE,Microcap250
BLACKBUCK,Blackbuck,SERVICES,,NSE,Microcap250
BLUESTONE,BlueStone Jewellery and Lifestyle,CONSUMER DURABLES,,NSE,Microcap250
BORORENEW,Borosil Renewables,CAPITAL GOODS,,NSE,Microcap250
CMSINFO,CMS Info Systems,SERVICES,,NSE,Microcap250
CORONA,CORONA Remedies,HEALTHCARE,,NSE,Microcap250
CSBBANK,CSB Bank,FINANCIAL SERVICES,,NSE,Microcap250
CAMPUS,Campus Activewear,CONSUMER DURABLES,,NSE,Microcap250
CRAMC,Canara Robeco Asset Management Company,FINANCIAL SERVICES,,NSE,Microcap250
CAPILLARY,Capillary Technologies India,INFORMATION TECHNOLOGY,,NSE,Microcap250
CELLO,Cello World,CONSUMER DURABLES,,NSE,Microcap250
CENTURYPLY,Century Plyboards (India),CONSUMER DURABLES,,NSE,Microcap250
CERA,Cera Sanitaryware,CONSUMER DURABLES,,NSE,Microcap250
CRIZAC,Crizac,CONSUMER SERVICES,,NSE,Microcap250
CUPID,Cupid,FAST MOVING CONSUMER GOODS,,NSE,Microcap250
DCBBANK,DCB Bank,FINANCIAL SERVICES,,NSE,Microcap250
DATAMATICS,Datamatics Global Services,INFORMATION TECHNOLOGY,,NSE,Microcap250
DBL,Dilip Buildcon,CONSTRUCTION,,NSE,Microcap250
AGARWALEYE,Dr. Agarwal's Health Care,HEALTHCARE,,NSE,Microcap250
DYNAMATECH,Dynamatic Technologies,CAPITAL GOODS,,NSE,Microcap250
EPL,EPL,CAPITAL GOODS,,NSE,Microcap250
EDELWEISS,Edelweiss Financial Services,FINANCIAL SERVICES,,NSE,Microcap250
EMIL,Electronics Mart India,CONSUMER SERVICES,,NSE,Microcap250
ELECTCAST,Electrosteel Castings,CAPITAL GOODS,,NSE,Microcap250
ELLEN,Ellenbarrie Industrial Gases,CHEMICALS,,NSE,Microcap250
EMBDL,Embassy Developments,REALTY,,NSE,Microcap250
ENTERO,Entero Healthcare Solutions,CONSUMER SERVICES,,NSE,Microcap250
EIEL,Enviro Infra Engineers,UTILITIES,,NSE,Microcap250
EQUITASBNK,Equitas Small Finance Bank,FINANCIAL SERVICES,,NSE,Microcap250
ETHOSLTD,Ethos,CONSUMER DURABLES,,NSE,Microcap250
EUREKAFORB,Eureka Forbes,CONSUMER DURABLES,,NSE,Microcap250
FEDFINA,Fedbank Financial Services,FINANCIAL SERVICES,,NSE,Microcap250
FIEMIND,Fiem Industries,AUTOMOBILE AND AUTO COMPONENTS,,NSE,Microcap250
FINPIPE,Finolex Industries,CAPITAL GOODS,,NSE,Microcap250
UTLSOLAR,Fujiyama Power Systems,CAPITAL GOODS,,NSE,Microcap250
GHCL,GHCL,CHEMICALS,,NSE,Microcap250
GMMPFAUDLR,GMM Pfaudler,CAPITAL GOODS,,NSE,Microcap250
GMRP&UI,GMR Power and Urban Infra,POWER,,NSE,Microcap250
GRWRHITECH,Garware Hi-Tech Films,CAPITAL GOODS,,NSE,Microcap250
GODREJAGRO,Godrej Agrovet,FAST MOVING CONSUMER GOODS,,NSE,Microcap250
GOKEX,Gokaldas Exports,TEXTILES,,NSE,Microcap250
GOKULAGRO,Gokul Agro Resources,FAST MOVING CONSUMER GOODS,,NSE,Microcap250
GREAVESCOT,Greaves Cotton,CAPITAL GOODS,,NSE,Microcap250
GRINDWELL,Grindwell Norton,CAPITAL GOODS,,NSE,Microcap250
GAEL,Gujarat Ambuja Exports,FAST MOVING CONSUMER GOODS,,NSE,Microcap250
GNFC,Gujarat Narmada Valley Fertilizers and Chemicals,CHEMICALS,,NSE,Microcap250
GPPL,Gujarat Pipavav Port,SERVICES,,NSE,Microcap250
GSFC,Gujarat State Fertilizers & Chemicals,CHEMICALS,,NSE,Microcap250
HGINFRA,H.G. Infra Engineering,CONSTRUCTION,,NSE,Microcap250
HAPPSTMNDS,Happiest Minds Technologies,INFORMATION TECHNOLOGY,,NSE,Microcap250
HCG,Healthcare Global Enterprises,HEALTHCARE,,NSE,Microcap250
HEMIPROP,Hemisphere Properties India,SERVICES,,NSE,Microcap250
HERITGFOOD,Heritage Foods,FAST MOVING CONSUMER GOODS,,NSE,Microcap250
HCC,Hindustan Construction Co.,CONSTRUCTION,,NSE,Microcap250
IFBIND,IFB Industries,CONSUMER DURABLES,,NSE,Microcap250
IIFLCAPS,IIFL Capital Services,FINANCIAL SERVICES,,NSE,Microcap250
INOXINDIA,INOX India,CAPITAL GOODS,,NSE,Microcap250
INDIAGLYCO,India Glycols,FAST MOVING CONSUMER GOODS,,NSE,Microcap250
INDIASHLTR,India Shelter Finance Corporation,FINANCIAL SERVICES,,NSE,Microcap250
IMFA,Indian Metals & Ferro Alloys,METALS & MINING,,NSE,Microcap250
INDIGOPNTS,Indigo Paints,CONSUMER DURABLES,,NSE,Microcap250
ICIL,Indo Count Industries,TEXTILES,,NSE,Microcap250
INOXGREEN,Inox Green Energy Services,SERVICES,,NSE,Microcap250
IONEXCHANG,Ion Exchange (India),UTILITIES,,NSE,Microcap250
JAIBALAJI,Jai Balaji Industries,METALS & MINING,,NSE,Microcap250
JKLAKSHMI,JK Lakshmi Cement,CONSTRUCTION MATERIALS,,NSE,Microcap250
JKPAPER,JK Paper,FOREST MATERIALS,,NSE,Microcap250
JAMNAAUTO,Jamna Auto Industries,AUTOMOBILE AND AUTO COMPONENTS,,NSE,Microcap250
JSFB,Jana Small Finance Bank,FINANCIAL SERVICES,,NSE,Microcap250
JAYNECOIND,Jayaswal Neco Industries,CAPITAL GOODS,,NSE,Microcap250
JSLL,Jeena Sikho Lifecare,CONSUMER SERVICES,,NSE,Microcap250
JLHL,Jupiter Life Line Hospitals,HEALTHCARE,,NSE,Microcap250
JUSTDIAL,Justdial,CONSUMER SERVICES,,NSE,Microcap250
JYOTHYLAB,Jyothy Labs,FAST MOVING CONSUMER GOODS,,NSE,Microcap250
KNRCON,KNR Constructions,CONSTRUCTION,,NSE,Microcap250
KPIGREEN,KPI Green Energy,POWER,,NSE,Microcap250
KRBL,KRBL,FAST MOVING CONSUMER GOODS,,NSE,Microcap250
KRN,KRN Heat Exchanger and Refrigeration,CAPITAL GOODS,,NSE,Microcap250
KSB,KSB,CAPITAL GOODS,,NSE,Microcap250
KANSAINER,Kansai Nerolac Paints,CONSUMER DURABLES,,NSE,Microcap250
KTKBANK,Karnataka Bank,FINANCIAL SERVICES,,NSE,Microcap250
KSCL,Kaveri Seed Company,FAST MOVING CONSUMER GOODS,,NSE,Microcap250
KIRLOSBROS,Kirloskar Brothers,CAPITAL GOODS,,NSE,Microcap250
KIRLPNU,Kirloskar Pneumatic Company,CAPITAL GOODS,,NSE,Microcap250
KITEX,Kitex Garments,TEXTILES,,NSE,Microcap250
LXCHEM,Laxmi Organic Industries,CHEMICALS,,NSE,Microcap250
IXIGO,Le Travenues Technology,CONSUMER SERVICES,,NSE,Microcap250
LLOYDSENGG,Lloyds Engineering Works,CAPITAL GOODS,,NSE,Microcap250
LLOYDSENT,Lloyds Enterprises,METALS & MINING,,NSE,Microcap250
LUMAXTECH,Lumax Auto Technologies,AUTOMOBILE AND AUTO COMPONENTS,,NSE,Microcap250
MOIL,MOIL,METALS & MINING,,NSE,Microcap250
MSTCLTD,MSTC,SERVICES,,NSE,Microcap250
MAHSCOOTER,Maharashtra Scooters,FINANCIAL SERVICES,,NSE,Microcap250
MAHSEAMLES,Maharashtra Seamless,CAPITAL GOODS,,NSE,Microcap250
MANORAMA,Manorama Industries,FAST MOVING CONSUMER GOODS,,NSE,Microcap250
MARKSANS,Marksans Pharma,HEALTHCARE,,NSE,Microcap250
MASTEK,Mastek,INFORMATION TECHNOLOGY,,NSE,Microcap250
MEDPLUS,Medplus Health Services,CONSUMER SERVICES,,NSE,Microcap250
METROPOLIS,Metropolis Healthcare,HEALTHCARE,,NSE,Microcap250
MIDHANI,Mishra Dhatu Nigam,CAPITAL GOODS,,NSE,Microcap250
BECTORFOOD,Mrs. Bectors Food Specialities,FAST MOVING CONSUMER GOODS,,NSE,Microcap250
NEOGEN,Neogen Chemicals,CHEMICALS,,NSE,Microcap250
NESCO,NESCO,SERVICES,,NSE,Microcap250
NFL,National Fertilizers,CHEMICALS,,NSE,Microcap250
NAZARA,Nazara Technologies,MEDIA ENTERTAINMENT & PUBLICATION,,NSE,Microcap250
NETWORK18,Network18 Media & Investments,MEDIA ENTERTAINMENT & PUBLICATION,,NSE,Microcap250
OPTIEMUS,Optiemus Infracom,TELECOMMUNICATION,,NSE,Microcap250
ORIENTCEM,Orient Cement,CONSTRUCTION MATERIALS,,NSE,Microcap250
ORKLAINDIA,Orkla India,FAST MOVING CONSUMER GOODS,,NSE,Microcap250
OSWALPUMPS,Oswal Pumps,CAPITAL GOODS,,NSE,Microcap250
PNGJL,P N Gadgil Jewellers,CONSUMER DURABLES,,NSE,Microcap250
PCJEWELLER,PC Jeweller,CONSUMER DURABLES,,NSE,Microcap250
PNCINFRA,PNC Infratech,CONSTRUCTION,,NSE,Microcap250
PTC,PTC India,POWER,,NSE,Microcap250
PARAS,Paras Defence and Space Technologies,CAPITAL GOODS,,NSE,Microcap250
PARKHOSPS,Park Medi World,HEALTHCARE,,NSE,Microcap250
PGIL,Pearl Global Industries,TEXTILES,,NSE,Microcap250
PICCADIL,Piccadily Agro Industries,FAST MOVING CONSUMER GOODS,,NSE,Microcap250
POWERMECH,Power Mech Projects,CONSTRUCTION,,NSE,Microcap250
PRAJIND,Praj Industries,CAPITAL GOODS,,NSE,Microcap250
PRICOLLTD,Pricol,AUTOMOBILE AND AUTO COMPONENTS,,NSE,Microcap250
PRSMJOHNSN,Prism Johnson,CONSTRUCTION MATERIALS,,NSE,Microcap250
PRIVISCL,Privi Speciality Chemicals,CHEMICALS,,NSE,Microcap250
PRUDENT,Prudent Corporate Advisory Services,FINANCIAL SERVICES,,NSE,Microcap250
PURVA,Puravankara,REALTY,,NSE,Microcap250
QPOWER,Quality Power Electrical Equipments,CAPITAL GOODS,,NSE,Microcap250
QUESS,Quess Corp,SERVICES,,NSE,Microcap250
RAIN,Rain Industries,CHEMICALS,,NSE,Microcap250
RALLIS,Rallis India,CHEMICALS,,NSE,Microcap250
RCF,Rashtriya Chemicals & Fertilizers,CHEMICALS,,NSE,Microcap250
RATEGAIN,Rategain Travel Technologies,INFORMATION TECHNOLOGY,,NSE,Microcap250
RATNAMANI,Ratnamani Metals & Tubes,CAPITAL GOODS,,NSE,Microcap250
RTNINDIA,RattanIndia Enterprises,CONSUMER SERVICES,,NSE,Microcap250
RTNPOWER,RattanIndia Power,POWER,,NSE,Microcap250
RAYMONDLSL,Raymond Lifestyle,TEXTILES,,NSE,Microcap250
REDTAPE,Redtape,CONSUMER DURABLES,,NSE,Microcap250
REFEX,Refex Industries,UTILITIES,,NSE,Microcap250
RELAXO,Relaxo Footwears,CONSUMER DURABLES,,NSE,Microcap250
RELIGARE,Religare Enterprises,FINANCIAL SERVICES,,NSE,Microcap250
RBA,Restaurant Brands Asia,CONSUMER SERVICES,,NSE,Microcap250
ROUTE,Route Mobile,TELECOMMUNICATION,,NSE,Microcap250
RUBICON,Rubicon Research,HEALTHCARE,,NSE,Microcap250
SKFINDUS,SKF India (Industrial),CAPITAL GOODS,,NSE,Microcap250
SKFINDIA,SKF India,AUTOMOBILE AND AUTO COMPONENTS,,NSE,Microcap250
SKYGOLD,Sky Gold and Diamonds,CONSUMER DURABLES,,NSE,Microcap250
SMLMAH,SML Mahindra,CAPITAL GOODS,,NSE,Microcap250
SHRIPISTON,SPR Auto Technologies,AUTOMOBILE AND AUTO COMPONENTS,,NSE,Microcap250
SAATVIKGL,Saatvik Green Energy,CAPITAL GOODS,,NSE,Microcap250
SAFARI,Safari Industries (India),CONSUMER DURABLES,,NSE,Microcap250
SAMHI,Samhi Hotels,CONSUMER SERVICES,,NSE,Microcap250
SANDUMA,Sandur Manganese & Iron Ores,METALS & MINING,,NSE,Microcap250
SANOFICONR,Sanofi Consumer Healthcare India,HEALTHCARE,,NSE,Microcap250
SANSERA,Sansera Engineering,AUTOMOBILE AND AUTO COMPONENTS,,NSE,Microcap250
SENCO,Senco Gold,CONSUMER DURABLES,,NSE,Microcap250
STYL,Seshaasai Technologies,FINANCIAL SERVICES,,NSE,Microcap250
SHAILY,Shaily Engineering Plastics,CONSUMER DURABLES,,NSE,Microcap250
SHAKTIPUMP,Shakti Pumps (India),CAPITAL GOODS,,NSE,Microcap250
SHARDACROP,Sharda Cropchem,CHEMICALS,,NSE,Microcap250
SHAREINDIA,Share India Securities,FINANCIAL SERVICES,,NSE,Microcap250
SFL,Sheela Foam,CONSUMER DURABLES,,NSE,Microcap250
SHILPAMED,Shilpa Medicare,HEALTHCARE,,NSE,Microcap250
RENUKA,Shree Renuka Sugars,FAST MOVING CONSUMER GOODS,,NSE,Microcap250
SKIPPER,Skipper,CAPITAL GOODS,,NSE,Microcap250
SMARTWORKS,Smartworks Coworking Spaces,SERVICES,,NSE,Microcap250
SOUTHBANK,South Indian Bank,FINANCIAL SERVICES,,NSE,Microcap250
STARCEMENT,Star Cement,CONSTRUCTION MATERIALS,,NSE,Microcap250
SWSOLAR,Sterling and Wilson Renewable Energy,CONSTRUCTION,,NSE,Microcap250
STAR,Strides Pharma Science,HEALTHCARE,,NSE,Microcap250
STYRENIX,Styrenix Performance Materials,CHEMICALS,,NSE,Microcap250
SUBROS,Subros,CAPITAL GOODS,,NSE,Microcap250
SUDARSCHEM,Sudarshan Chemical Industries,CHEMICALS,,NSE,Microcap250
SUDEEPPHRM,Sudeep Pharma,CHEMICALS,,NSE,Microcap250
SPARC,Sun Pharma Advanced Research Company,HEALTHCARE,,NSE,Microcap250
SUNTECK,Sunteck Realty,REALTY,,NSE,Microcap250
SUPRIYA,Supriya Lifescience,HEALTHCARE,,NSE,Microcap250
SURYAROSNI,Surya Roshni,CAPITAL GOODS,,NSE,Microcap250
TARC,TARC,REALTY,,NSE,Microcap250
TDPOWERSYS,TD Power Systems,CAPITAL GOODS,,NSE,Microcap250
TSFINV,TSF Investments,FINANCIAL SERVICES,,NSE,Microcap250
TVSSCS,TVS Supply Chain Solutions,SERVICES,,NSE,Microcap250
TMB,Tamilnad Mercantile Bank,FINANCIAL SERVICES,,NSE,Microcap250
TANLA,Tanla Platforms,INFORMATION TECHNOLOGY,,NSE,Microcap250
TEXRAIL,Texmaco Rail & Eng.,CAPITAL GOODS,,NSE,Microcap250
THANGAMAYL,Thangamayil Jewellery,CONSUMER DURABLES,,NSE,Microcap250
ANUP,The Anup Engineering,CAPITAL GOODS,,NSE,Microcap250
THOMASCOOK,Thomas Cook (India),CONSUMER SERVICES,,NSE,Microcap250
THYROCARE,Thyrocare Technologies,HEALTHCARE,,NSE,Microcap250
TI,Tilaknagar Industries,FAST MOVING CONSUMER GOODS,,NSE,Microcap250
TIMETECHNO,Time Technoplast,CAPITAL GOODS,,NSE,Microcap250
TIPSMUSIC,Tips Music,MEDIA ENTERTAINMENT & PUBLICATION,,NSE,Microcap250
TRANSRAILL,Transrail Lighting,CAPITAL GOODS,,NSE,Microcap250
TRIVENI,Triveni Engineering & Industries,FAST MOVING CONSUMER GOODS,,NSE,Microcap250
UJJIVANSFB,Ujjivan Small Finance Bank,FINANCIAL SERVICES,,NSE,Microcap250
VGUARD,V-Guard Industries,CONSUMER DURABLES,,NSE,Microcap250
VMART,V-Mart Retail,CONSUMER SERVICES,,NSE,Microcap250
VIPIND,V.I.P. Industries,CONSUMER DURABLES,,NSE,Microcap250
V2RETAIL,V2 Retail,CONSUMER SERVICES,,NSE,Microcap250
DBREALTY,Valor Estate,REALTY,,NSE,Microcap250
WABAG,Va Tech Wabag,UTILITIES,,NSE,Microcap250
VAIBHAVGBL,Vaibhav Global,CONSUMER DURABLES,,NSE,Microcap250
VARROC,Varroc Engineering,AUTOMOBILE AND AUTO COMPONENTS,,NSE,Microcap250
MANYAVAR,Vedant Fashions,CONSUMER SERVICES,,NSE,Microcap250
VIKRAMSOLR,Vikram Solar,CAPITAL GOODS,,NSE,Microcap250
VIYASH,Viyash Scientific,HEALTHCARE,,NSE,Microcap250
VOLTAMP,Voltamp Transformers,CAPITAL GOODS,,NSE,Microcap250
WAAREERTL,Waaree Renewable Technologies,CAPITAL GOODS,,NSE,Microcap250
WAKEFIT,Wakefit Innovations,CONSUMER DURABLES,,NSE,Microcap250
WEWORK,WeWork India Management,SERVICES,,NSE,Microcap250
WEBELSOLAR,Websol Energy System,CAPITAL GOODS,,NSE,Microcap250
WELENT,Welspun Enterprises,CONSTRUCTION,,NSE,Microcap250
WESTLIFE,Westlife Foodworld,CONSUMER SERVICES,,NSE,Microcap250
YATHARTH,Yatharth Hospital & Trauma Care Services,HEALTHCARE,,NSE,Microcap250
ZAGGLE,Zaggle Prepaid Ocean Services,INFORMATION TECHNOLOGY,,NSE,Microcap250
