ticker,tier,bh_10y,T20,T30,T40,SPLIT
360ONE,Midcap150,,2.117,2.678,3.271,2.132
3MINDIA,Midcap150,2.89,2.23,2.366,2.131,2.727
ACC,Midcap150,0.85,0.829,0.865,0.73,0.995
AIAENG,Midcap150,3.54,0.931,1.434,1.248,1.362
APLAPOLLO,Midcap150,24.83,11.011,19.852,18.311,13.375
AUBANK,Midcap150,,1.34,1.108,2.217,1.787
AWL,Midcap150,,0.443,0.439,0.439,0.441
ABBOTINDIA,Midcap150,6.75,3.003,5.856,6.548,4.036
ATGL,Midcap150,,6.065,10.657,7.716,7.51
ABCAPITAL,Midcap150,,2.144,4.99,6.292,3.698
AJANTPHARM,Midcap150,3.04,1.887,1.679,3.307,2.008
ALKEM,Midcap150,3.67,1.231,1.751,2.557,2.05
ANTHEM,Midcap150,,1.349,1.349,1.349,1.349
APARINDS,Midcap150,35.78,2.672,10.904,14.938,8.05
APOLLOTYRE,Midcap150,2.19,0.889,1.79,3.381,2.386
ASHOKLEY,Midcap150,4.85,2.121,2.859,5.893,3.976
ASTRAL,Midcap150,7.19,3.031,2.03,4.084,3.684
AUROPHARMA,Midcap150,2.32,2.31,1.871,1.6,1.66
AIIL,Midcap150,,1.161,1.266,1.641,1.456
BSE,Midcap150,34.33,5.715,18.52,50.122,18.983
BAJAJHFL,Midcap150,,0.702,0.702,0.702,0.702
BALKRISIND,Midcap150,5.49,1.434,1.236,1.747,2.174
BANKINDIA,Midcap150,1.41,0.962,0.86,1.063,1.202
MAHABANK,Midcap150,3.14,2.142,1.991,4.199,2.741
BERGEPAINT,Midcap150,2.2,1.331,1.116,1.777,1.358
BDL,Midcap150,,1.547,3.679,3.346,2.35
BHARATFORG,Midcap150,4.94,3.508,4.131,3.278,3.267
BHEL,Midcap150,4.72,1.36,5.698,5.54,2.833
BHARTIHEXA,Midcap150,,0.987,1.233,1.233,1.128
BIOCON,Midcap150,2.62,0.503,1.055,0.915,1.003
BLUESTARCO,Midcap150,6.48,2.712,4.72,4.553,3.001
CRISIL,Midcap150,2.47,2.334,2.321,1.778,1.825
COCHINSHIP,Midcap150,,2.022,2.712,4.773,2.838
COFORGE,Midcap150,24.63,5.997,7.952,5.862,3.068
COLPAL,Midcap150,2.4,1.807,1.434,2.513,1.89
CONCOR,Midcap150,1.26,1.046,1.651,1.462,1.447
COROMANDEL,Midcap150,8.68,3.285,3.497,5.003,3.695
DABUR,Midcap150,1.48,0.894,1.415,1.531,1.475
DALBHARAT,Midcap150,,0.977,0.795,1.128,1.33
DIXON,Midcap150,,14.732,17.393,21.361,15.836
ENDURANCE,Midcap150,4.3,4.255,3.234,2.811,3.458
ESCORTS,Midcap150,8.56,2.049,2.72,3.649,2.857
EXIDEIND,Midcap150,2.43,1.915,1.935,1.491,1.97
NYKAA,Midcap150,,1.815,2.151,2.506,1.826
FEDERALBNK,Midcap150,4.96,1.668,2.485,2.382,1.687
FORTIS,Midcap150,5.15,1.696,3.468,3.957,2.582
GVT&D,Midcap150,14.04,1.953,5.347,4.567,2.456
GMRAIRPORT,Midcap150,8.0,1.05,2.089,5.274,3.853
GICRE,Midcap150,,1.248,0.954,1.742,1.367
GLAXO,Midcap150,2.43,0.888,0.85,1.502,1.137
GLENMARK,Midcap150,2.81,2.795,2.368,2.478,2.069
MEDANTA,Midcap150,,1.568,1.371,2.354,2.129
GODFRYPHLP,Midcap150,5.21,0.736,1.348,1.309,0.903
GODREJIND,Midcap150,2.66,0.666,1.148,0.833,0.887
GODREJPROP,Midcap150,5.09,3.242,2.769,1.491,2.486
FLUOROCHEM,Midcap150,,1.537,1.874,3.144,3.053
HDBFS,Midcap150,,0.955,0.955,0.955,0.955
HAVELLS,Midcap150,2.85,1.489,1.736,2.202,1.913
HEROMOTOCO,Midcap150,2.08,2.361,1.911,1.557,1.457
HEXT,Midcap150,,0.732,0.732,0.732,0.732
HINDPETRO,Midcap150,3.28,0.99,1.653,2.148,2.018
POWERINDIA,Midcap150,,4.276,21.747,25.695,11.343
HONAUT,Midcap150,3.67,1.112,1.507,1.465,1.358
HUDCO,Midcap150,,1.924,1.757,5.04,3.277
ICICIGI,Midcap150,,1.037,1.129,0.892,1.175
ICICIPRULI,Midcap150,1.71,0.477,0.659,0.611,0.759
IDFCFIRSTB,Midcap150,1.38,1.539,1.133,0.899,1.299
ITCHOTELS,Midcap150,,0.911,0.933,0.933,0.923
INDIANB,Midcap150,4.7,3.484,6.378,13.478,7.669
IRCTC,Midcap150,,2.979,3.102,2.109,2.022
IREDA,Midcap150,,1.008,0.878,0.752,0.88
INDUSTOWER,Midcap150,1.6,0.425,0.378,0.5,0.464
INDUSINDBK,Midcap150,0.87,0.647,0.767,1.261,1.279
NAUKRI,Midcap150,7.96,1.826,3.782,3.595,2.422
IPCALAB,Midcap150,7.03,1.573,4.503,7.331,3.657
JKCEMENT,Midcap150,6.86,5.483,7.709,5.458,6.503
JSWENERGY,Midcap150,7.08,5.023,4.877,3.431,4.661
JSWINFRA,Midcap150,,0.761,0.736,0.736,0.748
JSL,Midcap150,33.75,6.558,5.761,13.129,9.498
JUBLFOOD,Midcap150,4.75,1.67,1.452,1.682,1.914
KPRMILL,Midcap150,10.5,3.577,6.513,8.505,5.61
KEI,Midcap150,42.15,3.646,26.615,19.546,8.801
KPITTECH,Midcap150,,6.843,12.173,12.885,6.161
KALYANKJIL,Midcap150,,3.21,4.25,3.643,2.221
LTF,Midcap150,3.98,3.823,3.21,3.214,3.433
LTTS,Midcap150,4.18,2.908,4.459,3.543,4.049
LICHSGFIN,Midcap150,1.19,0.806,0.772,0.695,0.918
LAURUSLABS,Midcap150,21.97,3.935,4.698,5.498,2.965
LICI,Midcap150,,1.323,1.416,1.213,1.379
LINDEINDIA,Midcap150,17.09,3.225,6.144,9.711,6.467
LLOYDSME,Midcap150,,1.332,1.165,1.969,1.599
LUPIN,Midcap150,1.45,2.153,1.968,1.693,1.799
MRF,Midcap150,3.07,1.417,1.141,2.209,1.673
M&MFIN,Midcap150,1.9,0.416,0.508,1.117,0.966
MANKIND,Midcap150,,0.68,0.812,1.279,1.156
MARICO,Midcap150,3.26,1.951,2.839,2.431,2.128
MFSL,Midcap150,2.67,1.905,2.635,2.288,2.218
MPHASIS,Midcap150,5.81,1.869,1.351,1.525,2.272
MCX,Midcap150,19.55,2.369,3.981,7.899,5.884
NHPC,Midcap150,4.6,1.507,1.783,2.772,1.889
NLCINDIA,Midcap150,5.77,2.786,2.726,5.509,3.696
NMDC,Midcap150,5.8,2.295,2.2,3.185,2.626
NTPCGREEN,Midcap150,,0.677,0.677,0.677,0.677
NATIONALUM,Midcap150,14.58,2.206,11.964,11.159,6.665
NAM-INDIA,Midcap150,,1.055,6.476,6.852,4.128
OBEROIRLTY,Midcap150,6.45,2.269,2.172,2.617,2.578
OIL,Midcap150,5.78,2.538,3.953,4.052,3.63
PAYTM,Midcap150,,2.709,1.812,3.149,2.656
OFSS,Midcap150,4.96,4.019,3.41,2.318,2.973
POLICYBZR,Midcap150,,2.164,3.438,2.946,1.929
PIIND,Midcap150,3.06,1.55,1.247,1.176,1.229
PAGEIND,Midcap150,2.81,2.564,1.446,1.069,1.743
PERSISTENT,Midcap150,19.11,2.922,6.998,10.171,6.371
PETRONET,Midcap150,2.5,0.425,1.169,1.145,1.028
PHOENIXLTD,Midcap150,9.78,1.732,3.183,9.096,4.805
POLYCAB,Midcap150,,6.118,8.909,7.473,4.707
PREMIERENE,Midcap150,,0.677,0.677,0.677,0.677
PRESTIGE,Midcap150,7.74,1.247,3.157,4.973,3.323
RADICO,Midcap150,44.79,4.75,11.12,15.347,9.239
RVNL,Midcap150,,3.618,6.522,16.252,8.674
SBICARD,Midcap150,,0.395,0.396,0.363,0.429
SJVN,Midcap150,3.9,2.46,3.408,2.885,1.818
SRF,Midcap150,8.19,2.027,3.694,3.165,3.451
SCHAEFFLER,Midcap150,5.42,1.718,1.795,1.661,1.731
SAIL,Midcap150,4.77,1.556,3.216,2.913,2.247
SUNDARMFIN,Midcap150,4.43,1.662,3.596,2.762,2.569
SUPREMEIND,Midcap150,4.29,1.202,1.156,1.729,1.613
SUZLON,Midcap150,2.87,11.671,5.179,3.035,4.908
SWIGGY,Midcap150,,0.823,0.791,0.791,0.841
TATACOMM,Midcap150,6.21,1.616,1.902,1.293,1.766
TATAELXSI,Midcap150,4.64,6.822,6.171,5.556,7.0
TATAINVEST,Midcap150,12.52,10.309,12.727,6.857,9.068
NIACL,Midcap150,,1.408,1.309,1.398,1.33
THERMAX,Midcap150,4.43,2.07,2.724,2.624,2.371
TORNTPOWER,Midcap150,8.77,1.175,1.286,6.834,4.238
TIINDIA,Midcap150,,5.172,10.515,7.721,4.585
UNOMINDA,Midcap150,24.68,6.124,9.081,9.542,6.77
UPL,Midcap150,1.32,0.858,0.94,0.792,1.032
UBL,Midcap150,1.55,0.643,0.723,0.546,0.693
VMM,Midcap150,,0.807,0.856,0.856,0.864
IDEA,Midcap150,0.28,0.931,0.555,0.408,0.685
VOLTAS,Midcap150,3.15,2.001,2.184,1.484,2.295
WAAREEENER,Midcap150,,0.791,0.791,0.791,0.791
ACMESOLAR,Smallcap250,,1.869,1.73,1.73,1.799
AADHARHFC,Smallcap250,,0.749,0.915,0.915,0.898
AARTIIND,Smallcap250,3.54,0.981,1.743,1.929,1.379
AAVAS,Smallcap250,,1.442,1.491,1.09,1.429
ACE,Smallcap250,30.47,6.444,41.829,33.571,10.6
ACUTAAS,Smallcap250,,1.466,5.569,5.569,3.332
ABLBL,Smallcap250,,0.922,0.922,0.922,0.922
ABSLAMC,Smallcap250,,2.648,2.547,2.676,2.271
CPPLUS,Smallcap250,,2.07,2.423,2.423,2.247
AEGISLOG,Smallcap250,9.78,1.474,1.073,1.774,1.311
AEGISVOPAK,Smallcap250,,1.275,1.275,1.275,1.275
AFCONS,Smallcap250,,0.813,0.784,0.784,0.798
AFFLE,Smallcap250,,3.354,2.311,2.702,2.134
ABDL,Smallcap250,,1.623,1.419,1.215,1.419
ARE&M,Smallcap250,0.9,1.067,0.945,0.724,0.843
AMBER,Smallcap250,,2.721,2.206,4.629,4.551
ANANDRATHI,Smallcap250,,12.152,11.885,13.389,9.32
ANANTRAJ,Smallcap250,27.88,5.788,11.138,17.492,10.36
ANGELONE,Smallcap250,,1.091,0.88,0.572,0.785
ANURAS,Smallcap250,,1.057,0.917,0.851,1.036
APTUS,Smallcap250,,0.836,0.818,0.76,0.907
ASAHIINDIA,Smallcap250,5.22,1.832,3.543,5.918,4.259
ASTERDM,Smallcap250,,1.381,2.88,3.638,2.16
ATHERENERG,Smallcap250,,1.811,1.692,1.692,1.751
ATUL,Smallcap250,2.92,1.057,0.837,0.666,0.914
BEML,Smallcap250,5.85,2.516,1.572,2.461,2.301
BLS,Smallcap250,8.02,2.637,2.903,1.955,2.444
BALRAMCHIN,Smallcap250,7.01,1.419,1.101,0.978,1.331
BANDHANBNK,Smallcap250,,0.307,0.246,0.246,0.277
BATAINDIA,Smallcap250,1.37,1.138,1.733,1.622,1.273
BAYERCROP,Smallcap250,1.1,0.501,0.612,0.652,0.816
BELRISE,Smallcap250,,1.401,1.401,1.401,1.401
BIKAJI,Smallcap250,,1.222,1.213,1.039,0.935
BSOFT,Smallcap250,4.06,3.089,6.011,4.272,5.474
BLUEDART,Smallcap250,0.91,0.398,0.396,0.317,0.391
BLUEJET,Smallcap250,,1.766,1.544,1.652,1.865
BBTC,Smallcap250,2.66,1.675,1.99,1.376,1.678
FIRSTCRY,Smallcap250,,0.566,0.566,0.566,0.566
BRIGADE,Smallcap250,7.42,2.633,5.656,4.709,3.904
MAPMYINDIA,Smallcap250,,0.934,0.731,0.937,1.06
CCL,Smallcap250,4.45,2.019,1.551,2.057,1.46
CESC,Smallcap250,3.59,0.796,1.061,1.154,0.994
CIEINDIA,Smallcap250,2.09,1.171,1.856,1.56,1.41
CANFINHOME,Smallcap250,2.44,1.352,1.605,1.566,2.234
CAPLIPOINT,Smallcap250,11.25,1.666,2.734,2.797,2.554
CARBORUNIV,Smallcap250,4.99,2.052,2.985,3.36,2.524
CARTRADE,Smallcap250,,1.122,3.475,2.978,2.016
CASTROLIND,Smallcap250,1.36,0.915,0.882,0.717,0.642
CEATLTD,Smallcap250,3.56,2.03,1.445,1.924,1.895
CEMPRO,Smallcap250,9.63,1.552,3.258,13.606,7.995
CENTRALBK,Smallcap250,0.33,1.786,1.256,0.796,1.123
CHALET,Smallcap250,,1.015,1.784,3.031,2.002
CHAMBLFERT,Smallcap250,8.54,0.711,2.45,3.413,2.391
CHENNPETRO,Smallcap250,6.15,4.08,3.241,9.314,5.743
CHOICEIN,Smallcap250,,4.192,5.336,6.871,3.979
CHOLAHLDNG,Smallcap250,3.78,1.633,2.096,3.457,2.569
CUB,Smallcap250,2.91,1.369,2.616,2.297,1.913
CLEAN,Smallcap250,,0.565,0.666,0.666,0.723
COHANCE,Smallcap250,,5.24,6.048,7.076,4.687
CAMS,Smallcap250,,0.864,1.195,0.877,1.076
CONCORDBIO,Smallcap250,,0.988,0.815,0.757,0.884
CRAFTSMAN,Smallcap250,,2.115,2.359,4.24,2.574
CREDITACC,Smallcap250,,1.382,1.649,1.423,1.495
CROMPTON,Smallcap250,1.56,0.669,0.562,0.719,1.032
CYIENT,Smallcap250,2.84,2.56,4.42,3.544,3.435
DCMSHRIRAM,Smallcap250,5.23,1.913,3.317,2.415,2.446
DOMS,Smallcap250,,1.219,1.066,1.339,1.447
DATAPATTNS,Smallcap250,,2.103,1.902,5.981,3.635
DEEPAKFERT,Smallcap250,6.91,7.478,7.627,5.704,5.034
DEEPAKNTR,Smallcap250,14.17,6.208,8.847,8.077,4.096
DELHIVERY,Smallcap250,,0.732,1.062,1.056,1.082
DEVYANI,Smallcap250,,0.776,0.626,0.626,0.698
LALPATHLAB,Smallcap250,3.44,2.207,2.695,3.477,2.162
EIDPARRY,Smallcap250,3.19,1.174,1.6,1.839,1.837
EIHOTEL,Smallcap250,2.93,1.36,3.534,3.588,2.777
ELECON,Smallcap250,16.4,1.378,6.829,3.675,1.874
ELGIEQUIP,Smallcap250,6.68,1.414,1.945,2.086,2.093
EMAMILTD,Smallcap250,0.76,1.393,1.237,0.984,1.151
EMCURE,Smallcap250,,1.696,1.696,1.696,1.696
ENGINERSIN,Smallcap250,3.23,0.812,0.925,1.943,1.352
ERIS,Smallcap250,,0.385,0.414,0.7,0.757
FACT,Smallcap250,35.21,3.97,4.914,3.303,3.144
FINCABLES,Smallcap250,3.65,5.672,4.685,4.234,3.776
FSL,Smallcap250,9.94,3.626,8.187,5.583,3.38
FIVESTAR,Smallcap250,,0.825,0.839,1.071,1.199
FORCEMOT,Smallcap250,,12.659,6.471,13.444,8.929
GABRIEL,Smallcap250,13.66,7.933,5.362,12.387,7.641
GALLANTT,Smallcap250,11.52,1.911,5.319,10.415,5.822
GRSE,Smallcap250,,3.6,3.777,12.265,8.147
GILLETTE,Smallcap250,1.86,1.721,1.273,1.497,1.942
GLAND,Smallcap250,,1.893,2.663,2.118,2.258
GODIGIT,Smallcap250,,0.666,0.666,0.666,0.666
GRANULES,Smallcap250,7.74,1.569,1.259,1.731,1.64
GRAPHITE,Smallcap250,14.27,15.198,20.284,19.054,10.386
GRAVITA,Smallcap250,56.69,11.39,22.283,38.149,16.107
GESHIP,Smallcap250,5.58,1.372,2.41,2.127,1.466
GMDCLTD,Smallcap250,8.15,3.132,4.74,6.195,5.124
HBLENGINE,Smallcap250,24.94,3.174,7.928,23.184,13.9
HSCL,Smallcap250,19.09,2.564,2.434,3.276,3.015
HINDCOPPER,Smallcap250,8.59,4.945,11.507,10.217,4.27
HOMEFIRST,Smallcap250,,1.036,0.928,1.371,1.233
HONASA,Smallcap250,,0.906,1.199,1.199,0.927
IDBI,Smallcap250,1.17,0.494,0.751,0.847,0.815
IFCI,Smallcap250,2.83,4.434,6.844,3.868,2.66
IIFL,Smallcap250,5.37,4.051,3.722,6.783,5.117
IRB,Smallcap250,1.66,1.192,1.282,1.1,1.364
IRCON,Smallcap250,,2.61,2.411,2.849,2.249
ITI,Smallcap250,8.99,0.438,0.561,0.404,0.479
INDGN,Smallcap250,,0.774,0.774,0.774,0.774
INDIACEM,Smallcap250,2.36,1.116,1.02,0.689,1.046
IEX,Smallcap250,,1.789,1.65,1.516,1.83
IOB,Smallcap250,1.17,3.042,1.849,1.8,1.577
IGL,Smallcap250,2.24,1.159,0.693,0.685,0.784
INOXWIND,Smallcap250,1.51,2.244,1.923,10.846,8.628
INTELLECT,Smallcap250,3.66,8.84,8.877,6.591,9.195
IGIL,Smallcap250,,0.614,0.614,0.614,0.614
IKS,Smallcap250,,1.16,1.16,1.16,1.16
JBMA,Smallcap250,14.09,3.632,4.035,3.892,3.772
JKTYRE,Smallcap250,2.76,1.564,1.542,1.724,1.422
JMFINANCIL,Smallcap250,2.29,3.772,1.67,0.972,1.686
JSWCEMENT,Smallcap250,,0.922,0.922,0.922,0.922
JSWDULUX,Smallcap250,2.45,1.643,1.881,2.622,1.851
JPPOWER,Smallcap250,3.65,4.044,3.216,1.537,2.248
JINDALSAW,Smallcap250,12.97,1.792,5.604,6.227,3.06
JUBLINGREA,Smallcap250,,0.435,0.933,1.196,1.101
JUBLPHARMA,Smallcap250,2.55,1.026,0.729,1.505,1.116
JWL,Smallcap250,18.57,6.364,3.325,27.684,14.971
JYOTICNC,Smallcap250,,1.231,1.162,1.033,1.183
KAJARIACER,Smallcap250,1.99,2.21,2.142,2.32,2.679
KPIL,Smallcap250,6.04,2.545,5.791,5.367,3.627
KARURVYSYA,Smallcap250,5.56,3.134,7.997,12.96,8.662
KAYNES,Smallcap250,,0.941,2.065,1.729,1.325
KEC,Smallcap250,3.62,1.758,2.763,3.841,3.645
KFINTECH,Smallcap250,,1.74,2.487,2.131,1.776
KIRLOSENG,Smallcap250,8.8,5.584,18.851,13.494,8.159
KIMS,Smallcap250,,1.297,2.724,2.724,1.816
LTFOODS,Smallcap250,16.23,2.996,2.626,19.502,10.96
LATENTVIEW,Smallcap250,,0.571,0.594,0.522,0.621
THELEELA,Smallcap250,,1.085,1.085,1.085,1.085
LEMONTREE,Smallcap250,,0.877,2.206,1.803,1.257
MMTC,Smallcap250,2.02,0.979,1.346,1.189,0.951
MGL,Smallcap250,2.29,1.66,1.124,0.685,1.051
MANAPPURAM,Smallcap250,4.05,2.088,2.578,2.148,1.538
MRPL,Smallcap250,2.31,1.868,3.832,4.695,2.823
MINDACORP,Smallcap250,6.32,6.571,8.542,9.394,5.122
MSUMI,Smallcap250,,0.894,0.678,0.614,0.748
NATCOPHARM,Smallcap250,1.39,1.908,1.467,1.12,1.445
NBCC,Smallcap250,1.68,2.014,2.208,1.336,1.813
NCC,Smallcap250,1.77,0.472,1.45,1.247,0.837
NSLNISP,Smallcap250,,0.874,0.624,0.614,0.768
NH,Smallcap250,6.11,1.163,2.796,2.682,1.903
NAVA,Smallcap250,10.95,2.623,7.807,19.219,10.83
NAVINFLUOR,Smallcap250,19.24,3.178,4.308,9.527,5.74
NETWEB,Smallcap250,,2.635,2.694,2.865,2.857
NEULANDLAB,Smallcap250,22.97,6.987,26.934,24.502,13.185
NEWGEN,Smallcap250,,2.293,5.962,5.985,3.535
NIVABUPA,Smallcap250,,0.846,0.846,0.846,0.846
NUVAMA,Smallcap250,,0.748,0.874,2.116,1.58
NUVOCO,Smallcap250,,0.789,0.827,0.98,1.098
OLAELEC,Smallcap250,,1.532,1.639,1.403,1.476
OLECTRA,Smallcap250,57.98,4.04,4.694,4.135,4.872
ONESOURCE,Smallcap250,,0.855,0.78,0.78,0.817
PCBL,Smallcap250,18.81,14.819,15.113,25.48,15.939
PGEL,Smallcap250,33.61,10.214,27.425,13.914,10.798
PNBHOUSING,Smallcap250,1.6,6.169,4.58,9.057,6.123
PTCIL,Smallcap250,,2.001,2.342,2.297,1.657
PVRINOX,Smallcap250,1.17,0.448,0.308,0.487,0.632
PARADEEP,Smallcap250,,0.92,1.606,2.816,2.136
PFIZER,Smallcap250,2.43,1.792,1.53,1.979,2.192
PPLPHARMA,Smallcap250,,1.605,2.616,2.241,1.705
POLYMED,Smallcap250,9.34,1.926,1.814,1.295,1.382
POONAWALLA,Smallcap250,5.08,11.089,22.382,25.875,16.042
PFOCUS,Smallcap250,4.58,0.319,0.485,1.695,1.65
RRKABEL,Smallcap250,,1.391,1.443,1.443,1.417
RBLBANK,Smallcap250,1.48,3.378,2.936,3.085,3.404
RHIM,Smallcap250,3.84,1.037,1.946,2.016,1.307
RITES,Smallcap250,,2.029,2.049,1.768,1.493
RAILTEL,Smallcap250,,2.425,1.898,2.628,1.858
RAINBOW,Smallcap250,,1.493,2.2,2.664,1.995
RKFORGE,Smallcap250,9.57,5.672,8.073,5.504,3.995
REDINGTON,Smallcap250,10.18,0.765,1.593,3.301,2.2
RPOWER,Smallcap250,0.41,3.263,4.349,2.174,2.011
SBFC,Smallcap250,,0.561,0.522,0.522,0.542
SAGILITY,Smallcap250,,1.02,0.891,0.87,0.945
SAILIFE,Smallcap250,,1.144,2.032,2.032,1.51
SAMMAANCAP,Smallcap250,0.26,0.838,0.764,0.564,1.021
SAPPHIRE,Smallcap250,,0.687,1.036,1.044,1.091
SARDAEN,Smallcap250,32.19,8.014,18.358,41.639,21.929
SAREGAMA,Smallcap250,24.04,4.964,14.791,23.462,10.97
SCHNEIDER,Smallcap250,9.42,0.454,0.709,1.176,0.841
SCI,Smallcap250,4.23,1.856,5.002,5.485,4.387
SHYAMMETL,Smallcap250,,1.165,0.908,2.821,2.15
SIGNATURE,Smallcap250,,0.614,0.614,0.614,0.614
SOBHA,Smallcap250,4.67,1.766,4.167,2.619,2.706
SONACOMS,Smallcap250,,0.98,1.351,1.157,1.204
SONATSOFTW,Smallcap250,6.9,4.237,5.345,5.105,3.227
STARHEALTH,Smallcap250,,0.713,0.827,0.827,0.749
SUMICHEM,Smallcap250,,0.406,0.359,0.348,0.386
SUNTV,Smallcap250,1.29,0.714,0.729,1.207,1.13
SPLPETRO,Smallcap250,9.84,2.37,2.577,4.086,3.969
SWANCORP,Smallcap250,4.9,1.688,0.639,0.717,1.168
SYNGENE,Smallcap250,1.62,0.665,1.39,1.199,1.254
SYRMA,Smallcap250,,2.454,1.991,3.154,2.531
TBOTEK,Smallcap250,,1.161,1.064,1.064,1.113
TATACHEM,Smallcap250,3.64,1.1,1.23,1.054,1.271
TATATECH,Smallcap250,,0.566,0.566,0.566,0.566
TTML,Smallcap250,6.31,7.925,15.852,7.579,10.511
TECHNOE,Smallcap250,3.48,2.694,3.288,3.524,2.582
TEGA,Smallcap250,,1.567,2.621,2.246,1.911
TEJASNET,Smallcap250,,2.313,4.205,14.106,7.631
RAMCOCEM,Smallcap250,1.57,0.593,0.489,0.781,0.747
TIMKEN,Smallcap250,6.43,0.91,1.127,1.008,1.112
TITAGARH,Smallcap250,7.27,3.048,7.218,13.308,6.904
TARIL,Smallcap250,16.85,0.559,0.601,1.114,0.772
TRAVELFOOD,Smallcap250,,0.992,0.992,0.992,0.992
TRIDENT,Smallcap250,5.48,1.156,3.878,3.086,1.996
TRITURBINE,Smallcap250,4.89,0.836,2.599,3.888,2.595
UCOBANK,Smallcap250,0.66,1.504,1.051,0.825,1.026
UTIAMC,Smallcap250,,1.827,1.268,1.471,2.003
USHAMART,Smallcap250,43.81,1.615,5.003,21.156,12.214
VTL,Smallcap250,3.22,1.604,2.136,2.83,1.993
VIJAYA,Smallcap250,,2.486,2.783,2.29,2.713
WELCORP,Smallcap250,44.57,5.423,18.464,35.606,17.74
WELSPUNLIV,Smallcap250,4.11,1.065,1.71,1.202,1.093
WHIRLPOOL,Smallcap250,0.94,0.649,0.489,0.545,0.596
WOCKPHARMA,Smallcap250,2.82,1.616,7.206,5.588,4.404
ZFCVINDIA,Smallcap250,2.32,0.385,0.497,0.43,0.587
ZEEL,Smallcap250,0.16,0.339,0.236,0.232,0.282
ZENTEC,Smallcap250,20.1,8.653,14.457,13.147,6.762
ZENSARTECH,Smallcap250,2.53,4.915,7.017,5.188,4.286
ZYDUSWELL,Smallcap250,3.06,1.885,1.521,0.97,1.218
ECLERX,Smallcap250,3.78,5.795,5.28,5.52,5.444
ASKAUTOLTD,Microcap250,,1.497,1.367,1.908,1.516
AXISCADES,Microcap250,9.16,2.547,4.59,6.465,4.879
AARTIDRUGS,Microcap250,3.39,1.671,0.715,0.609,1.09
AARTIPHARM,Microcap250,,0.698,1.325,2.449,1.709
AVL,Microcap250,,1.02,1.02,1.02,1.02
ADVENZYMES,Microcap250,0.98,0.338,0.829,0.607,0.508
AETHER,Microcap250,,1.977,1.704,1.676,1.826
AKUMS,Microcap250,,1.188,1.188,1.188,1.188
APLLTD,Microcap250,1.45,0.896,0.974,0.777,1.064
ALIVUS,Microcap250,,1.842,2.074,3.038,2.306
ALKYLAMINE,Microcap250,15.98,2.757,6.475,6.94,3.459
APOLLO,Microcap250,,0.952,3.154,3.531,2.202
ACI,Microcap250,,0.737,0.598,0.598,0.666
ARVINDFASN,Microcap250,,0.717,0.642,0.538,0.738
ARVIND,Microcap250,5.02,3.096,5.214,7.863,4.372
ASHAPURMIN,Microcap250,8.81,1.548,2.147,1.476,1.562
ASHOKA,Microcap250,1.02,0.683,1.549,1.216,1.175
ASTRAMICRO,Microcap250,14.62,3.374,6.162,6.614,4.137
AURIONPRO,Microcap250,13.63,3.021,6.733,22.844,7.922
AVALON,Microcap250,,2.256,1.972,1.838,2.148
AVANTIFEED,Microcap250,4.67,2.12,2.146,4.889,4.236
AWFIS,Microcap250,,0.71,0.71,0.71,0.71
AZAD,Microcap250,,0.823,0.877,0.877,0.792
BAJAJELEC,Microcap250,1.42,0.682,1.148,1.433,1.275
BALAMINES,Microcap250,8.03,4.722,3.624,2.775,2.292
BALUFORGE,Microcap250,,0.852,0.826,0.826,0.839
BANCOINDIA,Microcap250,9.75,2.925,10.978,6.896,3.667
BIRLACORPN,Microcap250,1.43,3.187,3.828,2.055,2.653
BBOX,Microcap250,49.05,2.442,6.985,12.685,6.198
BLACKBUCK,Microcap250,,1.365,1.299,1.373,1.353
BLUESTONE,Microcap250,,1.371,1.371,1.371,1.371
BORORENEW,Microcap250,,1.692,2.006,1.681,1.936
CMSINFO,Microcap250,,1.243,1.004,1.02,1.24
CSBBANK,Microcap250,,0.916,1.517,1.655,1.324
CAMPUS,Microcap250,,0.483,0.425,0.425,0.454
CELLO,Microcap250,,0.774,0.774,0.774,0.774
CENTURYPLY,Microcap250,3.22,2.215,1.816,2.447,2.527
CERA,Microcap250,2.45,1.909,1.114,0.928,1.373
CRIZAC,Microcap250,,0.918,0.918,0.918,0.918
CUPID,Microcap250,122.29,10.937,6.334,25.176,27.205
DCBBANK,Microcap250,1.93,1.204,1.792,2.425,2.245
DATAMATICS,Microcap250,11.04,1.792,3.191,3.222,2.944
DBL,Microcap250,1.83,2.568,2.566,3.336,2.272
AGARWALEYE,Microcap250,,0.669,0.669,0.669,0.669
DYNAMATECH,Microcap250,4.23,5.075,7.497,8.912,4.071
EPL,Microcap250,2.65,0.456,0.518,0.716,0.953
EDELWEISS,Microcap250,2.87,1.237,1.756,2.457,1.942
EMIL,Microcap250,,0.777,1.02,1.02,0.784
ELECTCAST,Microcap250,3.82,6.775,3.449,4.424,6.375
ELLEN,Microcap250,,1.042,1.042,1.042,1.042
EMBDL,Microcap250,0.71,1.244,2.089,1.719,2.496
ENTERO,Microcap250,,0.947,0.837,0.837,0.892
EIEL,Microcap250,,0.71,0.71,0.71,0.71
EQUITASBNK,Microcap250,,0.95,1.157,1.079,1.019
ETHOSLTD,Microcap250,,1.283,1.189,1.018,1.149
EUREKAFORB,Microcap250,,0.747,0.71,0.71,0.729
FEDFINA,Microcap250,,0.804,0.806,1.217,1.137
FIEMIND,Microcap250,4.38,1.2,3.279,5.304,2.967
FINPIPE,Microcap250,1.95,2.298,1.315,0.978,1.472
GHCL,Microcap250,2.1,0.557,1.533,2.669,1.846
GMMPFAUDLR,Microcap250,,1.352,1.41,1.034,0.98
GMRP&UI,Microcap250,,1.286,1.571,2.855,1.696
GRWRHITECH,Microcap250,,2.967,2.706,3.736,2.665
GODREJAGRO,Microcap250,,1.438,1.316,1.05,1.426
GOKEX,Microcap250,9.64,0.892,3.33,3.34,1.989
GOKULAGRO,Microcap250,31.76,1.619,1.869,10.554,5.55
GREAVESCOT,Microcap250,1.78,0.412,0.228,0.279,0.386
GRINDWELL,Microcap250,6.77,2.174,3.497,2.563,1.92
GAEL,Microcap250,8.35,1.172,4.016,5.182,3.058
GNFC,Microcap250,4.9,1.838,3.896,3.152,1.769
GPPL,Microcap250,1.44,1.62,1.459,1.07,1.513
GSFC,Microcap250,2.69,0.767,1.106,1.338,1.175
HGINFRA,Microcap250,,0.907,1.158,0.925,0.845
HAPPSTMNDS,Microcap250,,1.306,0.935,0.801,1.036
HCG,Microcap250,3.31,0.605,1.628,1.847,1.277
HEMIPROP,Microcap250,,0.872,0.72,0.672,0.795
HERITGFOOD,Microcap250,2.19,3.489,5.491,5.431,4.12
HCC,Microcap250,0.63,0.599,0.632,0.738,0.808
IFBIND,Microcap250,2.93,1.608,1.223,0.836,0.726
IIFLCAPS,Microcap250,,1.432,3.761,3.878,1.895
INOXINDIA,Microcap250,,1.726,1.726,1.726,1.726
INDIASHLTR,Microcap250,,0.769,0.851,0.843,0.862
IMFA,Microcap250,18.01,4.784,10.008,8.094,4.517
INDIGOPNTS,Microcap250,,0.71,0.659,0.659,0.684
ICIL,Microcap250,3.39,2.634,6.183,5.699,3.475
INOXGREEN,Microcap250,,1.218,2.775,2.034,1.69
IONEXCHANG,Microcap250,,0.72,1.251,1.071,0.851
JAIBALAJI,Microcap250,25.3,29.687,30.168,27.333,13.645
JKLAKSHMI,Microcap250,1.16,1.916,1.7,2.32,1.998
JKPAPER,Microcap250,8.02,1.085,1.069,2.589,1.57
JAMNAAUTO,Microcap250,3.54,0.652,8.803,7.034,3.308
JSFB,Microcap250,,0.919,0.987,0.987,0.954
JAYNECOIND,Microcap250,12.6,0.644,0.588,2.707,2.217
JLHL,Microcap250,,0.651,0.613,0.613,0.632
JUSTDIAL,Microcap250,1.48,0.875,0.696,0.476,0.651
JYOTHYLAB,Microcap250,1.35,1.622,1.897,1.771,1.306
KNRCON,Microcap250,1.77,0.853,1.088,0.682,0.788
KPIGREEN,Microcap250,,0.527,5.438,5.076,2.928
KRBL,Microcap250,1.81,0.888,0.644,0.458,0.816
KRN,Microcap250,,0.762,0.947,0.947,0.872
KSB,Microcap250,7.15,1.241,1.457,1.68,1.244
KANSAINER,Microcap250,0.81,0.63,0.543,0.428,0.575
KTKBANK,Microcap250,3.93,2.517,4.123,4.358,2.352
KSCL,Microcap250,2.19,0.837,0.461,0.87,1.071
KIRLOSBROS,Microcap250,12.48,4.927,9.959,13.947,6.359
KIRLPNU,Microcap250,,3.473,2.518,2.004,2.682
KITEX,Microcap250,1.11,9.133,4.175,3.42,3.753
LXCHEM,Microcap250,,1.27,1.219,1.043,1.274
IXIGO,Microcap250,,1.225,1.2,1.027,1.181
LLOYDSENGG,Microcap250,58.46,4.29,11.639,29.564,16.998
LLOYDSENT,Microcap250,,0.95,0.83,0.71,0.83
LUMAXTECH,Microcap250,27.07,0.086,0.24,1.525,0.784
MOIL,Microcap250,2.7,0.449,1.288,1.423,0.965
MSTCLTD,Microcap250,,2.437,3.888,6.222,3.046
MAHSCOOTER,Microcap250,10.68,3.536,4.864,4.928,3.515
MAHSEAMLES,Microcap250,7.12,2.003,3.61,3.263,2.325
MANORAMA,Microcap250,,1.236,1.014,1.826,1.383
MARKSANS,Microcap250,8.11,1.932,10.343,7.59,4.963
MASTEK,Microcap250,14.2,5.032,3.125,4.923,4.982
MEDPLUS,Microcap250,,0.439,0.582,0.939,0.92
METROPOLIS,Microcap250,,2.234,2.8,1.923,2.052
MIDHANI,Microcap250,,0.572,0.498,1.04,0.833
BECTORFOOD,Microcap250,,1.517,2.412,2.067,1.892
NEOGEN,Microcap250,,1.016,1.775,1.61,1.449
NESCO,Microcap250,3.42,2.587,2.791,3.256,2.405
NFL,Microcap250,2.47,1.571,0.821,2.419,2.122
NAZARA,Microcap250,,1.505,1.453,1.151,1.276
NETWORK18,Microcap250,0.62,1.014,1.363,1.516,1.315
OPTIEMUS,Microcap250,,4.882,3.988,5.213,5.866
ORIENTCEM,Microcap250,0.66,1.641,2.359,1.82,1.92
OSWALPUMPS,Microcap250,,1.082,0.945,0.918,1.0
PNGJL,Microcap250,,0.865,0.869,0.869,0.868
PCJEWELLER,Microcap250,0.59,21.053,20.788,33.091,19.794
PNCINFRA,Microcap250,1.19,0.893,0.964,0.673,0.977
PTC,Microcap250,4.01,1.857,1.761,1.362,0.987
PGIL,Microcap250,31.44,3.863,9.937,7.051,4.195
PICCADIL,Microcap250,,0.959,0.921,0.921,0.94
POWERMECH,Microcap250,10.33,3.547,6.158,7.366,6.034
PRAJIND,Microcap250,4.23,1.558,1.859,2.919,1.92
PRICOLLTD,Microcap250,7.38,0.932,1.629,2.394,1.7
PRSMJOHNSN,Microcap250,1.09,1.512,1.904,1.61,1.387
PRIVISCL,Microcap250,11.63,2.834,5.258,5.979,5.898
PRUDENT,Microcap250,,1.469,2.611,2.121,1.771
PURVA,Microcap250,5.08,1.569,2.878,6.188,3.663
QPOWER,Microcap250,,1.304,1.058,1.435,1.295
RAIN,Microcap250,5.17,2.497,8.545,5.219,3.468
RALLIS,Microcap250,1.07,0.698,0.391,0.392,0.629
RCF,Microcap250,3.12,1.767,0.893,1.997,1.68
RATEGAIN,Microcap250,,1.311,1.122,1.14,1.346
RATNAMANI,Microcap250,7.99,2.345,2.471,2.692,2.265
RTNINDIA,Microcap250,7.84,0.966,4.048,3.594,2.755
RTNPOWER,Microcap250,0.75,4.884,2.886,2.398,2.403
RAYMONDLSL,Microcap250,,0.815,0.774,0.774,0.794
REFEX,Microcap250,120.01,1.407,0.619,4.634,2.727
RELAXO,Microcap250,1.44,2.03,2.025,2.918,1.963
RELIGARE,Microcap250,0.94,1.299,7.122,6.345,4.157
RBA,Microcap250,,0.486,0.425,0.425,0.455
ROUTE,Microcap250,,0.577,0.637,0.549,0.643
SKYGOLD,Microcap250,,5.645,5.589,7.73,5.233
SMLMAH,Microcap250,5.42,2.163,1.991,1.361,1.667
SHRIPISTON,Microcap250,7.9,3.614,3.948,12.77,8.766
SAFARI,Microcap250,,1.999,4.402,5.312,3.068
SAMHI,Microcap250,,0.698,0.652,0.652,0.705
SANDUMA,Microcap250,,0.504,0.504,0.504,0.504
SANOFICONR,Microcap250,,0.723,0.71,0.71,0.716
SANSERA,Microcap250,,7.427,6.493,5.559,6.493
SENCO,Microcap250,,0.745,0.698,0.597,0.608
SHAILY,Microcap250,,1.881,6.263,10.746,5.837
SHAKTIPUMP,Microcap250,23.03,6.701,52.304,35.832,13.194
SHARDACROP,Microcap250,2.34,1.518,1.92,1.711,2.166
SHAREINDIA,Microcap250,,3.254,3.825,5.155,3.443
SFL,Microcap250,1.28,0.881,0.868,0.928,1.209
SHILPAMED,Microcap250,3.97,1.435,1.737,1.089,1.26
RENUKA,Microcap250,1.42,0.285,0.165,0.149,0.243
SKIPPER,Microcap250,3.87,0.678,1.051,0.637,0.754
SMARTWORKS,Microcap250,,1.139,1.139,1.139,1.139
SOUTHBANK,Microcap250,2.43,2.234,2.543,2.13,2.2
STARCEMENT,Microcap250,,0.662,0.423,0.535,0.616
SWSOLAR,Microcap250,,1.386,1.107,1.456,1.512
STYRENIX,Microcap250,5.88,7.582,6.479,3.553,5.709
SUBROS,Microcap250,5.6,0.623,0.739,1.816,1.177
SUDARSCHEM,Microcap250,3.68,1.102,1.157,1.316,1.225
SPARC,Microcap250,0.58,0.925,1.003,1.062,1.158
SUNTECK,Microcap250,2.38,2.016,2.961,2.307,2.104
SUPRIYA,Microcap250,,0.835,1.605,4.048,2.519
SURYAROSNI,Microcap250,4.77,5.586,7.927,4.979,4.808
TARC,Microcap250,,1.665,1.158,1.992,2.18
TDPOWERSYS,Microcap250,43.73,0.806,11.784,25.312,15.417
TSFINV,Microcap250,,2.954,8.56,7.812,5.286
TVSSCS,Microcap250,,0.598,0.598,0.598,0.598
TMB,Microcap250,,1.675,2.095,2.348,1.757
TANLA,Microcap250,14.93,0.911,0.705,1.098,1.386
TEXRAIL,Microcap250,1.27,0.604,0.753,0.908,0.812
THANGAMAYL,Microcap250,44.08,3.684,10.944,9.916,5.575
ANUP,Microcap250,,3.719,5.788,4.544,2.641
THOMASCOOK,Microcap250,1.51,1.09,0.955,1.505,1.62
TI,Microcap250,39.64,4.561,10.749,20.623,9.29
TIMETECHNO,Microcap250,4.4,2.202,2.399,2.408,2.874
TIPSMUSIC,Microcap250,135.38,17.127,13.932,29.594,18.81
TRANSRAILL,Microcap250,,0.71,0.71,0.71,0.71
TRIVENI,Microcap250,5.16,2.161,2.909,2.712,2.289
UJJIVANSFB,Microcap250,,1.129,1.084,1.796,1.323
VGUARD,Microcap250,2.54,1.217,0.947,0.959,0.891
VMART,Microcap250,6.24,2.082,6.131,3.727,2.248
VIPIND,Microcap250,2.47,1.787,2.642,2.973,1.884
V2RETAIL,Microcap250,21.91,24.4,47.256,96.255,48.247
DBREALTY,Microcap250,2.16,2.286,5.159,9.891,6.61
WABAG,Microcap250,3.8,2.377,6.679,4.887,3.326
VAIBHAVGBL,Microcap250,3.95,3.722,5.357,3.663,3.64
VARROC,Microcap250,,0.624,0.569,0.721,0.872
MANYAVAR,Microcap250,,0.946,0.778,0.666,0.803
VIKRAMSOLR,Microcap250,,0.918,0.918,0.918,0.918
VIYASH,Microcap250,2.15,2.954,1.814,1.265,2.041
VOLTAMP,Microcap250,15.33,1.195,3.507,5.077,3.045
WAAREERTL,Microcap250,,0.774,0.774,0.774,0.774
WEBELSOLAR,Microcap250,20.72,13.513,30.721,67.33,25.09
WELENT,Microcap250,14.14,2.773,15.907,17.049,9.263
WESTLIFE,Microcap250,,0.819,0.987,1.471,1.203
YATHARTH,Microcap250,,2.537,1.769,2.464,2.382
ZAGGLE,Microcap250,,0.727,0.555,0.504,0.611
