ticker,tier,years,mcap_now_cr,mult_10y,mult_5y,mult_full,best_run,est_cap_10y_ago,est_cap_5y_ago,engine_mult,engine_trades
360ONE,Midcap150,7.0,45197,,3.1,4.29,7.88,,14580,2.11,11
3MINDIA,Midcap150,10.2,38994,2.89,1.51,2.77,4.17,13507,25881,2.23,13
ACC,Midcap150,10.2,23500,0.85,0.57,0.86,3.19,27748,41265,0.83,16
AIAENG,Midcap150,10.2,37048,3.54,1.98,4.11,5.37,10455,18742,0.92,17
APLAPOLLO,Midcap150,10.2,60946,24.83,2.5,24.14,28.47,2455,24395,11.01,16
AUBANK,Midcap150,9.2,78913,,1.98,3.74,5.97,,39921,1.34,17
AWL,Midcap150,4.6,24051,,,0.7,3.14,,,0.44,11
ABBOTINDIA,Midcap150,10.2,57235,6.75,1.35,6.48,9.77,8476,42437,3.0,13
ATGL,Midcap150,7.9,68766,,0.45,8.32,52.09,,154045,6.06,16
ABCAPITAL,Midcap150,9.0,110180,,3.49,1.69,10.6,,31607,2.14,18
AJANTPHARM,Midcap150,10.2,44587,3.04,2.62,3.72,6.9,14668,17040,1.89,17
ALKEM,Midcap150,10.2,64774,3.67,1.44,4.41,5.09,17648,45021,1.23,17
ANTHEM,Midcap150,1.2,49538,,,1.21,1.62,,,1.35,1
APARINDS,Midcap150,10.2,74851,35.78,28.62,39.25,81.54,2092,2615,2.67,28
APOLLOTYRE,Midcap150,10.2,25664,2.19,1.89,3.14,7.79,11728,13590,0.88,19
ASHOKLEY,Midcap150,10.2,95679,4.85,2.83,4.27,13.46,19742,33800,2.06,20
ASTRAL,Midcap150,10.2,37471,7.19,0.88,6.74,14.27,5210,42367,2.86,17
AUROPHARMA,Midcap150,10.2,99051,2.32,2.41,2.38,6.09,42776,41060,2.31,12
AIIL,Midcap150,2.4,47680,,,3.03,4.38,,,1.16,8
BSE,Midcap150,9.6,132833,34.33,26.38,34.33,154.02,3870,5035,5.71,19
BAJAJHFL,Midcap150,2.0,69561,,,0.51,1.26,,,0.7,5
BALKRISIND,Midcap150,10.2,42522,5.49,0.86,7.14,10.9,7742,49210,1.43,19
BANKINDIA,Midcap150,10.2,63578,1.41,3.04,1.5,6.43,45167,20907,0.95,24
MAHABANK,Midcap150,10.2,64694,3.14,5.46,2.82,13.08,20597,11859,2.14,23
BERGEPAINT,Midcap150,10.2,53607,2.2,0.68,2.85,4.91,24414,79250,1.33,13
BDL,Midcap150,8.5,42558,,6.29,6.84,27.25,,6763,1.55,20
BHARATFORG,Midcap150,10.2,95809,4.94,2.72,5.8,10.78,19383,35244,3.51,12
BHEL,Midcap150,10.2,147326,4.72,7.65,4.95,22.67,31244,19265,1.33,22
BHARTIHEXA,Midcap150,2.5,76260,,,1.91,2.47,,,0.99,4
BIOCON,Midcap150,10.2,64318,2.62,1.11,3.3,4.2,24565,57983,0.47,20
BLUESTARCO,Midcap150,10.2,31509,6.48,3.52,7.71,12.03,4864,8943,2.5,15
CRISIL,Midcap150,10.2,33682,2.47,1.7,2.69,6.31,13613,19761,2.33,14
COCHINSHIP,Midcap150,9.1,36042,,8.4,6.7,31.55,,4290,2.02,17
COFORGE,Midcap150,10.2,78956,24.63,1.67,20.2,29.08,3205,47184,6.0,19
COLPAL,Midcap150,10.2,51316,2.4,1.25,2.46,5.13,21376,41012,1.81,11
CONCOR,Midcap150,10.2,35389,1.26,0.71,1.12,4.4,28148,49804,1.03,16
COROMANDEL,Midcap150,10.2,57612,8.68,2.53,9.8,13.41,6636,22795,3.28,13
DABUR,Midcap150,10.2,68723,1.48,0.63,1.37,2.76,46531,108818,0.89,11
DALBHARAT,Midcap150,7.7,32740,,0.84,1.59,6.18,,38969,0.98,14
DIXON,Midcap150,9.0,80258,,3.02,22.96,50.74,,26559,14.69,16
ENDURANCE,Midcap150,9.9,37551,4.3,1.75,4.3,6.03,8737,21500,4.24,13
ESCORTS,Midcap150,10.2,30774,8.56,1.98,13.57,20.71,3593,15533,2.05,19
EXIDEIND,Midcap150,10.2,36206,2.43,2.46,2.69,4.71,14871,14730,1.92,16
NYKAA,Midcap150,4.9,97663,,0.93,0.93,3.01,,105337,1.82,6
FEDERALBNK,Midcap150,10.2,81840,4.96,4.27,6.05,10.41,16502,19180,1.67,16
FORTIS,Midcap150,10.2,67493,5.15,3.32,5.65,9.73,13111,20351,1.62,17
GVT&D,Midcap150,10.2,113096,14.04,33.99,12.71,94.23,8056,3327,1.83,31
GMRAIRPORT,Midcap150,10.2,104682,8.0,3.03,8.0,11.6,13080,34532,0.96,26
GICRE,Midcap150,8.9,60378,,2.72,0.97,6.3,,22233,1.25,24
GLAXO,Midcap150,10.2,48736,2.43,2.19,2.08,4.0,20092,22285,0.89,19
GLENMARK,Midcap150,10.2,69851,2.81,4.94,3.14,13.68,24873,14137,2.8,20
MEDANTA,Midcap150,3.8,40203,,,3.62,3.65,,,1.57,9
GODFRYPHLP,Midcap150,10.2,31243,5.21,6.27,7.64,18.61,5998,4983,0.71,31
GODREJIND,Midcap150,10.2,37256,2.66,1.91,2.74,6.02,14018,19465,0.67,20
GODREJPROP,Midcap150,10.2,51437,5.09,0.78,4.66,11.52,10103,65695,3.24,16
FLUOROCHEM,Midcap150,6.9,49173,,2.55,6.3,20.15,,19277,1.54,17
HDBFS,Midcap150,1.2,55573,,,0.8,1.35,,,0.96,1
HAVELLS,Midcap150,10.2,68812,2.85,0.8,3.29,7.04,24104,85970,1.42,13
HEROMOTOCO,Midcap150,10.2,107956,2.08,2.27,2.43,4.9,51834,47649,2.36,9
HEXT,Midcap150,1.6,30490,,,0.68,1.55,,,0.73,4
HINDPETRO,Midcap150,10.2,76602,3.28,2.4,3.86,6.29,23373,31976,0.99,17
POWERINDIA,Midcap150,6.5,138843,,13.51,43.79,54.03,,10274,4.28,15
HONAUT,Midcap150,10.2,30324,3.67,0.8,3.65,7.13,8262,37796,1.11,19
HUDCO,Midcap150,9.3,35618,,4.97,3.68,24.75,,7166,1.91,22
ICICIGI,Midcap150,9.0,74972,,0.98,2.33,3.56,,76465,1.0,13
ICICIPRULI,Midcap150,10.0,70290,1.71,0.73,1.71,3.33,41009,96943,0.48,21
IDFCFIRSTB,Midcap150,10.2,75795,1.38,1.88,1.94,5.47,55069,40362,1.49,18
ITCHOTELS,Midcap150,1.7,33585,,,0.94,1.59,,,0.91,2
INDIANB,Midcap150,10.2,113414,4.7,7.55,6.75,26.65,24141,15012,3.48,20
IRCTC,Midcap150,7.0,37104,,0.66,3.36,8.46,,56405,2.98,15
IREDA,Midcap150,2.8,31182,,,1.87,4.83,,,1.0,4
INDUSTOWER,Midcap150,10.2,101480,1.6,1.33,1.61,4.54,63511,76326,0.42,22
INDUSINDBK,Midcap150,10.2,74743,0.87,0.85,0.92,5.74,86396,87800,0.63,19
NAUKRI,Midcap150,10.2,84012,7.96,0.97,7.94,11.56,10560,86651,1.83,21
IPCALAB,Midcap150,10.2,49792,7.03,1.62,8.55,10.13,7082,30829,1.57,21
JKCEMENT,Midcap150,10.2,39291,6.86,1.66,7.62,12.52,5730,23709,5.48,14
JSWENERGY,Midcap150,10.2,95467,7.08,1.53,6.85,21.24,13488,62519,5.02,21
JSWINFRA,Midcap150,3.0,84179,,,2.33,2.35,,,0.76,7
JSL,Midcap150,10.2,62501,33.75,4.83,47.82,55.3,1852,12929,6.56,20
JUBLFOOD,Midcap150,10.2,31785,4.75,0.59,4.09,11.68,6695,53546,1.52,17
KPRMILL,Midcap150,10.2,38935,10.5,2.77,10.86,20.33,3710,14051,3.58,20
KEI,Midcap150,10.2,45147,42.15,4.86,39.41,54.66,1071,9293,3.63,23
KPITTECH,Midcap150,7.4,14346,,1.47,5.37,54.43,,9747,6.84,12
KALYANKJIL,Midcap150,5.5,60338,,8.51,7.86,14.18,,7091,3.21,13
LTF,Midcap150,10.2,77697,3.98,3.86,4.79,8.04,19543,20114,3.82,15
LTTS,Midcap150,10.0,34280,4.18,0.71,4.18,8.84,8192,48462,2.87,15
LICHSGFIN,Midcap150,10.2,31491,1.19,1.46,1.38,4.63,26385,21562,0.81,20
LAURUSLABS,Midcap150,9.8,109900,21.97,3.38,21.97,33.68,5003,32471,3.94,15
LICI,Midcap150,4.4,515487,,,0.98,2.27,,,1.32,5
LINDEINDIA,Midcap150,10.2,53610,17.09,2.27,19.15,30.75,3137,23595,3.2,24
LLOYDSME,Midcap150,3.2,106407,,,3.37,4.09,,,1.33,6
LUPIN,Midcap150,10.2,96159,1.45,2.34,1.35,4.78,66237,41172,2.15,11
MRF,Midcap150,10.2,52836,3.07,1.57,3.6,4.88,17187,33738,1.42,11
M&MFIN,Midcap150,10.2,48442,1.9,2.12,1.9,5.9,25470,22819,0.4,24
MANKIND,Midcap150,3.4,101816,,,1.73,2.27,,,0.68,7
MARICO,Midcap150,10.2,108031,3.26,1.59,3.58,4.28,33121,67791,1.95,7
MFSL,Midcap150,10.2,53654,2.67,1.5,3.15,6.48,20071,35883,1.91,13
MOTILALOFS,Midcap150,10.2,62860,2.22,1.23,2.85,4.22,28271,51010,3.92,17
MPHASIS,Midcap150,10.2,43106,5.81,0.76,5.33,8.37,7414,56854,1.87,18
MCX,Midcap150,10.2,85873,19.55,10.5,18.45,28.75,4392,8177,2.37,19
NHPC,Midcap150,10.2,77086,4.6,3.25,5.0,7.74,16766,23715,1.51,17
NLCINDIA,Midcap150,10.2,37037,5.77,5.36,5.93,11.11,6417,6910,2.77,20
NMDC,Midcap150,10.2,72093,5.8,3.08,6.13,8.67,12429,23404,2.25,20
NTPCGREEN,Midcap150,1.8,80404,,,0.78,1.4,,,0.68,5
NATIONALUM,Midcap150,10.2,66752,14.58,5.2,14.67,21.91,4577,12836,2.17,27
NAM-INDIA,Midcap150,8.9,74565,,3.11,5.27,11.76,,23966,1.02,22
OBEROIRLTY,Midcap150,10.2,67266,6.45,2.24,6.58,9.13,10425,30090,2.12,19
OIL,Midcap150,10.2,76451,5.78,4.11,6.45,19.98,13236,18603,2.38,19
PAYTM,Midcap150,4.9,113495,,1.14,1.14,5.83,,99799,2.71,10
OFSS,Midcap150,10.2,94497,4.96,2.88,4.81,11.32,19066,32775,4.02,11
POLICYBZR,Midcap150,4.9,87166,,1.57,1.57,5.96,,55558,2.12,8
PIIND,Midcap150,10.2,36197,3.06,0.76,3.5,7.01,11823,47730,1.55,15
PAGEIND,Midcap150,10.2,41649,2.81,1.19,3.08,4.54,14847,34908,2.56,12
PATANJALI,Midcap150,10.2,44543,0.62,1.22,0.56,119.7,71699,36575,1.46,20
PERSISTENT,Midcap150,10.2,81865,19.11,2.9,17.45,29.8,4284,28240,2.92,20
PETRONET,Midcap150,10.2,42878,2.5,1.5,2.85,3.67,17167,28642,0.41,19
PHOENIXLTD,Midcap150,10.2,71292,9.78,4.42,12.13,14.53,7288,16117,1.71,21
POLYCAB,Midcap150,7.4,126790,,3.59,13.44,19.58,,35319,6.12,9
PREMIERENE,Midcap150,2.1,41307,,,1.09,1.64,,,0.68,5
PRESTIGE,Midcap150,10.2,64179,7.74,3.28,8.2,15.39,8292,19596,1.25,26
RADICO,Midcap150,10.2,61657,44.79,5.17,49.88,54.51,1377,11936,4.75,22
RVNL,Midcap150,7.4,44154,,7.84,13.52,68.35,,5632,3.6,22
SBICARD,Midcap150,6.5,60429,,0.64,0.95,2.29,,94651,0.4,16
SJVN,Midcap150,10.2,24856,3.9,2.73,3.83,10.29,6380,9103,2.66,15
SRF,Midcap150,10.2,75584,8.19,1.18,10.09,13.09,9224,64257,2.0,17
SCHAEFFLER,Midcap150,10.2,63861,5.42,2.93,5.4,8.14,11772,21794,1.67,19
SAIL,Midcap150,10.2,76596,4.77,1.96,4.71,11.9,16066,39139,1.52,23
SUNDARMFIN,Midcap150,10.2,51305,4.43,2.02,4.16,6.66,11584,25431,1.66,17
SUPREMEIND,Midcap150,10.2,44442,4.29,1.62,4.34,8.49,10356,27474,1.18,21
SUZLON,Midcap150,10.2,58271,2.87,7.33,2.67,52.71,20322,7952,11.67,24
SWIGGY,Midcap150,1.9,72967,,,0.61,1.51,,,0.82,4
TATACOMM,Midcap150,10.2,48482,6.21,1.27,6.54,10.61,7804,38218,1.62,20
TATAELXSI,Midcap150,10.2,20011,4.64,0.58,4.24,22.19,4309,34712,6.82,13
TATAINVEST,Midcap150,10.2,34116,12.52,5.6,15.55,25.62,2725,6089,10.31,14
NIACL,Midcap150,8.8,31503,,1.23,0.56,3.96,,25528,1.33,17
THERMAX,Midcap150,10.2,39032,4.43,2.53,4.11,8.49,8816,15422,1.95,21
TORNTPOWER,Midcap150,10.2,63462,8.77,2.81,9.14,14.8,7239,22550,1.11,20
TIINDIA,Midcap150,8.9,49915,,1.76,9.99,22.76,,28423,5.17,12
UNOMINDA,Midcap150,10.2,70630,24.68,3.36,33.0,37.76,2862,21000,6.0,19
UPL,Midcap150,10.2,46757,1.32,0.81,1.65,3.39,35334,57819,0.86,17
UBL,Midcap150,10.2,32847,1.55,0.8,1.63,3.13,21133,41265,0.64,14
VMM,Midcap150,1.8,49659,,,0.95,1.54,,,0.81,3
IDEA,Midcap150,10.2,157314,0.28,1.26,0.23,6.28,552311,124594,0.89,23
VOLTAS,Midcap150,10.2,37390,3.15,0.94,3.81,6.9,11859,39725,2.0,16
WAAREEENER,Midcap150,1.9,72258,,,1.08,1.79,,,0.79,3
YESBANK,Midcap150,10.2,72948,0.1,1.81,0.11,3.74,712959,40335,1.22,20
ACMESOLAR,Smallcap250,1.9,31946,,,1.79,2.64,,,1.87,2
AADHARHFC,Smallcap250,2.4,19927,,,1.38,1.69,,,0.75,4
AARTIIND,Smallcap250,10.2,17823,3.54,0.54,3.88,9.23,5030,32729,0.98,17
AAVAS,Smallcap250,7.9,10196,,0.5,1.66,5.03,,20320,1.44,13
ACE,Smallcap250,10.2,14925,30.47,4.85,27.99,51.13,490,3080,6.39,21
ACUTAAS,Smallcap250,5.0,26733,,5.12,7.05,9.24,,5219,1.46,13
ABFRL,Smallcap250,10.2,5973,0.35,0.22,0.33,3.63,17313,27238,0.8,17
ABLBL,Smallcap250,1.3,9694,,,0.52,1.34,,,0.92,1
ABREL,Smallcap250,10.2,13340,1.46,1.28,1.88,13.77,9132,10398,3.49,19
ABSLAMC,Smallcap250,5.0,29707,,1.66,1.66,4.11,,17940,2.65,5
CPPLUS,Smallcap250,1.1,45332,,,3.54,3.69,,,2.07,2
AEGISLOG,Smallcap250,10.2,49298,9.78,6.26,12.34,14.51,5041,7877,1.41,24
AEGISVOPAK,Smallcap250,1.3,33550,,,1.25,1.97,,,1.28,2
AFCONS,Smallcap250,1.9,9500,,,0.55,1.28,,,0.81,3
AFFLE,Smallcap250,7.1,22298,,1.49,9.07,13.81,,14985,3.35,14
ABDL,Smallcap250,2.2,18360,,,2.1,2.5,,,1.62,3
ARE&M,Smallcap250,10.2,14877,0.9,1.16,1.08,4.69,16577,12820,1.05,16
AMBER,Smallcap250,8.6,24915,,2.27,5.69,14.04,,10990,2.72,20
ANANDRATHI,Smallcap250,4.8,36018,,15.59,15.59,16.95,,2310,12.15,3
ANANTRAJ,Smallcap250,10.2,22737,27.88,8.98,31.55,155.69,815,2532,5.23,29
ANGELONE,Smallcap250,6.0,27421,,2.64,12.43,18.58,,10399,1.08,17
ANURAS,Smallcap250,5.5,13587,,1.62,2.29,2.89,,8412,1.05,9
APTUS,Smallcap250,5.1,12587,,0.78,0.77,1.78,,16060,0.84,8
ASAHIINDIA,Smallcap250,10.2,24761,5.22,2.75,5.87,8.02,4745,9014,1.83,20
ASTERDM,Smallcap250,8.6,66251,,4.71,5.54,13.78,,14052,1.38,16
ATHERENERG,Smallcap250,1.4,59467,,,4.96,5.75,,,1.69,3
ATUL,Smallcap250,10.2,18012,2.92,0.65,3.14,5.8,6172,27504,1.04,17
BEML,Smallcap250,10.2,17452,5.85,3.73,6.06,16.3,2985,4674,2.38,23
BLS,Smallcap250,10.2,9468,8.02,4.09,9.92,74.97,1180,2314,2.64,26
BALRAMCHIN,Smallcap250,10.2,14312,7.01,1.94,5.87,14.06,2042,7371,1.41,22
BANDHANBNK,Smallcap250,8.5,30834,,0.7,0.42,2.73,,44022,0.3,21
BATAINDIA,Smallcap250,10.2,8190,1.37,0.4,1.32,5.66,5963,20468,1.14,14
BAYERCROP,Smallcap250,10.2,16910,1.1,0.81,1.14,2.59,15388,20950,0.5,19
BELRISE,Smallcap250,1.3,24158,,,2.58,2.85,,,1.4,2
BIKAJI,Smallcap250,3.9,14821,,,1.87,3.16,,,1.22,7
BSOFT,Smallcap250,10.2,7861,4.06,0.68,3.61,17.31,1937,11589,3.09,21
BLUEDART,Smallcap250,10.2,11388,0.91,0.76,0.83,5.02,12489,14998,0.4,23
BLUEJET,Smallcap250,2.9,10161,,,1.43,3.14,,,1.77,4
BBTC,Smallcap250,10.2,10118,2.66,1.27,3.62,7.39,3803,7952,1.68,17
FIRSTCRY,Smallcap250,2.1,8754,,,0.27,1.31,,,0.57,7
BRIGADE,Smallcap250,10.2,20106,7.42,1.99,8.0,15.74,2711,10108,2.56,24
MAPMYINDIA,Smallcap250,4.8,4966,,0.66,0.66,2.56,,7557,0.93,11
CCL,Smallcap250,10.2,13910,4.45,2.77,4.67,8.58,3125,5021,1.8,16
CESC,Smallcap250,10.2,18897,3.59,2.16,3.83,6.89,5270,8755,0.8,18
CIEINDIA,Smallcap250,10.2,14575,2.09,1.79,2.25,10.31,6958,8129,1.17,18
CANFINHOME,Smallcap250,10.2,10092,2.44,1.21,3.37,4.52,4136,8339,1.35,21
CAPLIPOINT,Smallcap250,10.2,21236,11.25,3.18,13.88,15.08,1888,6676,1.63,24
CGCL,Smallcap250,10.2,25843,6.2,0.55,11.15,33.84,4166,46766,1.35,26
CARBORUNIV,Smallcap250,10.2,24089,4.99,1.47,5.66,9.71,4831,16361,2.0,18
CARTRADE,Smallcap250,5.1,14593,,2.26,2.0,9.39,,6444,1.12,16
CASTROLIND,Smallcap250,10.2,19113,1.36,1.8,1.5,3.84,14056,10613,0.92,17
CEATLTD,Smallcap250,10.2,13883,3.56,2.71,4.44,7.24,3904,5120,2.03,20
CEMPRO,Smallcap250,10.2,22525,9.63,17.09,9.09,62.03,2338,1318,1.54,27
CENTRALBK,Smallcap250,10.2,28630,0.33,1.56,0.31,7.27,87545,18320,1.72,18
CDSL,Smallcap250,9.2,28238,,2.24,5.72,22.71,,12582,8.85,14
CHALET,Smallcap250,7.6,19360,,4.09,3.04,10.6,,4732,1.02,22
CHAMBLFERT,Smallcap250,10.2,16811,8.54,1.38,7.69,15.78,1969,12225,0.69,27
CHENNPETRO,Smallcap250,10.2,20678,6.15,14.04,9.25,40.57,3360,1473,3.75,23
CHOICEIN,Smallcap250,4.5,16749,,,9.98,11.32,,,4.19,5
CHOLAHLDNG,Smallcap250,10.2,27648,3.78,2.12,4.64,9.51,7319,13059,1.6,17
CUB,Smallcap250,10.2,22326,2.91,2.09,3.16,3.43,7685,10688,1.25,17
CLEAN,Smallcap250,5.2,8892,,0.42,0.54,1.86,,21334,0.56,9
COHANCE,Smallcap250,6.5,17655,,0.87,2.81,14.35,,20223,5.24,9
CAMS,Smallcap250,6.0,17983,,1.16,2.84,4.46,,15449,0.86,16
CONCORDBIO,Smallcap250,3.1,16323,,,1.68,2.77,,,0.93,8
CRAFTSMAN,Smallcap250,5.5,28519,,5.58,7.66,9.39,,5107,2.11,10
CREDITACC,Smallcap250,8.1,21629,,2.08,3.22,7.12,,10375,1.38,17
CROMPTON,Smallcap250,10.2,14387,1.56,0.49,1.74,3.67,9217,29463,0.67,20
CYIENT,Smallcap250,10.2,11162,2.84,1.11,2.7,13.74,3929,10022,2.56,17
DCMSHRIRAM,Smallcap250,10.2,15176,5.23,1.01,5.35,8.32,2900,15070,1.89,22
DOMS,Smallcap250,2.8,12996,,,1.62,2.46,,,1.22,4
DATAPATTNS,Smallcap250,4.8,24758,,5.93,5.93,8.54,,4172,2.1,15
DEEPAKFERT,Smallcap250,10.2,17517,6.91,3.43,10.15,30.86,2536,5100,7.48,22
DEEPAKNTR,Smallcap250,10.2,22311,14.17,0.68,18.86,39.59,1574,33049,6.1,18
DELHIVERY,Smallcap250,4.3,32594,,,0.81,2.17,,,0.73,7
DEVYANI,Smallcap250,5.1,17275,,1.17,1.13,2.0,,14758,0.74,9
LALPATHLAB,Smallcap250,10.2,32132,3.44,1.03,4.45,5.87,9350,31285,2.21,17
EIDPARRY,Smallcap250,10.2,12482,3.19,1.7,3.14,12.12,3909,7338,1.17,22
EIHOTEL,Smallcap250,10.2,18833,2.93,2.43,2.89,9.17,6432,7738,1.36,16
ELECON,Smallcap250,10.2,10471,16.4,5.6,15.26,86.79,638,1869,1.25,30
ELGIEQUIP,Smallcap250,10.2,19378,6.68,3.0,7.22,15.12,2902,6456,1.41,24
EMAMILTD,Smallcap250,10.2,17072,0.76,0.73,0.84,5.91,22478,23335,1.39,15
EMCURE,Smallcap250,2.2,37595,,,1.46,2.23,,,1.7,1
ENGINERSIN,Smallcap250,10.2,17210,3.23,4.72,3.98,7.13,5329,3646,0.81,29
ERIS,Smallcap250,9.2,17618,,1.73,2.21,5.28,,10186,0.37,23
FACT,Smallcap250,10.2,51552,35.21,6.04,31.41,54.64,1464,8529,3.64,24
FINCABLES,Smallcap250,10.2,22485,3.65,3.11,4.37,10.17,6158,7237,5.67,12
FSL,Smallcap250,10.2,18496,9.94,1.51,9.94,18.06,1860,12289,3.63,20
FIVESTAR,Smallcap250,3.8,16227,,,1.13,1.84,,,0.82,9
FORCEMOT,Smallcap250,6.9,22863,,11.62,13.83,42.57,,1968,12.66,15
GABRIEL,Smallcap250,10.2,27367,13.66,10.06,15.81,38.79,2004,2719,7.9,16
GALLANTT,Smallcap250,10.2,13426,11.52,7.75,13.51,48.0,1166,1732,1.91,33
GRSE,Smallcap250,7.9,27270,,13.38,35.01,52.48,,2038,3.6,19
GILLETTE,Smallcap250,10.2,23116,1.86,1.31,1.78,3.17,12434,17696,1.72,8
GLAND,Smallcap250,5.8,48021,,0.77,1.64,3.48,,62720,1.89,13
GODIGIT,Smallcap250,2.4,22650,,,0.8,1.34,,,0.67,5
GPIL,Smallcap250,10.2,15272,18.17,0.81,16.13,58.75,840,18775,3.49,25
GRANULES,Smallcap250,10.2,23466,7.74,2.72,6.35,13.02,3033,8634,1.57,22
GRAPHITE,Smallcap250,10.2,16040,14.27,1.5,13.63,15.88,1124,10680,14.22,23
GRAVITA,Smallcap250,10.2,11371,56.69,8.15,68.47,116.48,201,1396,11.39,27
GESHIP,Smallcap250,10.2,20935,5.58,4.9,6.32,12.03,3749,4268,1.37,26
GMDCLTD,Smallcap250,10.2,17703,8.15,9.31,9.59,29.34,2173,1903,3.11,21
HBLENGINE,Smallcap250,10.2,21187,24.94,16.11,21.58,110.02,849,1315,2.9,34
HEGAM,Smallcap250,10.2,7826,7.42,0.58,8.78,33.21,1054,13420,6.68,26
HSCL,Smallcap250,10.2,33693,19.09,12.86,18.98,28.75,1765,2621,2.53,23
HINDCOPPER,Smallcap250,10.2,49608,8.59,4.79,8.86,41.87,5773,10351,4.28,24
HOMEFIRST,Smallcap250,5.6,12608,,2.05,2.32,3.38,,6163,1.04,11
HONASA,Smallcap250,2.9,15809,,,1.45,2.5,,,0.91,10
IDBI,Smallcap250,10.2,89664,1.17,2.27,1.18,6.89,76574,39482,0.49,28
IFCI,Smallcap250,10.2,21417,2.83,6.62,2.89,29.71,7558,3233,4.35,25
IIFL,Smallcap250,10.2,26934,5.37,2.35,5.96,11.91,5014,11440,3.95,26
IRB,Smallcap250,10.2,21777,1.66,2.13,1.87,17.05,13150,10211,1.19,26
IRCON,Smallcap250,8.0,10358,,2.74,3.58,13.42,,3773,2.48,17
ITI,Smallcap250,10.2,24765,8.99,2.18,8.87,20.54,2754,11362,0.42,26
INDGN,Smallcap250,2.4,14410,,,1.06,1.48,,,0.77,5
INDIACEM,Smallcap250,10.2,15807,2.36,1.81,3.05,6.96,6695,8737,1.11,23
INDIAMART,Smallcap250,7.2,99380,,0.41,2.71,8.83,,240666,0.52,13
IEX,Smallcap250,8.9,10068,,0.62,2.36,7.74,,16204,1.79,20
IOB,Smallcap250,10.2,61871,1.17,1.58,1.15,11.89,52667,39283,3.03,25
IGL,Smallcap250,10.2,20593,2.24,0.61,2.82,5.2,9173,33550,1.16,16
INOXWIND,Smallcap250,10.2,12965,1.51,2.93,1.28,59.67,8600,4426,2.24,26
INTELLECT,Smallcap250,10.2,9321,3.66,1.0,3.36,27.68,2547,9325,8.84,18
IGIL,Smallcap250,1.8,14333,,,0.62,1.41,,,0.61,6
IKS,Smallcap250,1.8,32508,,,0.99,1.52,,,1.16,3
JBMA,Smallcap250,10.2,14232,14.09,5.94,22.77,60.35,1010,2398,3.63,23
JKTYRE,Smallcap250,10.2,10244,2.76,2.44,4.43,18.72,3714,4206,1.56,23
JMFINANCIL,Smallcap250,10.2,12202,2.29,1.56,2.83,4.29,5320,7818,3.77,21
JSWCEMENT,Smallcap250,1.1,15958,,,0.81,1.32,,,0.92,1
JSWDULUX,Smallcap250,10.2,14395,2.45,1.72,2.66,3.99,5883,8382,1.64,12
JPPOWER,Smallcap250,10.2,10993,3.65,3.73,2.65,68.07,3016,2947,4.04,29
J&KBANK,Smallcap250,10.2,16435,0.99,4.27,1.0,18.17,16616,3845,2.5,24
JINDALSAW,Smallcap250,10.2,18657,12.97,5.45,12.8,19.82,1438,3422,1.79,29
JUBLINGREA,Smallcap250,5.5,10109,,0.88,2.49,3.49,,11512,0.44,15
JUBLPHARMA,Smallcap250,10.2,16757,2.55,1.79,4.88,7.47,6580,9378,1.02,24
JWL,Smallcap250,10.2,9965,18.57,6.85,14.54,103.77,537,1455,6.34,29
JYOTICNC,Smallcap250,2.7,25035,,,2.54,3.42,,,1.23,5
KAJARIACER,Smallcap250,10.2,19115,1.99,1.09,2.2,5.35,9628,17537,2.21,18
KPIL,Smallcap250,10.2,24110,6.04,3.7,5.88,8.95,3991,6520,2.55,19
KARURVYSYA,Smallcap250,10.2,31364,5.56,8.68,4.9,23.41,5645,3615,2.91,21
KAYNES,Smallcap250,3.8,23246,,,5.01,11.17,,,0.94,12
KEC,Smallcap250,10.2,10712,3.62,0.92,3.02,10.99,2958,11601,1.63,21
KFINTECH,Smallcap250,3.7,15765,,,2.57,5.87,,,1.65,9
KIRLOSENG,Smallcap250,10.2,32298,8.8,11.09,9.92,34.33,3671,2913,5.57,22
KIMS,Smallcap250,5.2,32548,,3.26,4.0,4.49,,9983,1.3,9
LTFOODS,Smallcap250,10.2,14932,16.23,6.25,18.99,36.37,920,2388,3.0,21
LATENTVIEW,Smallcap250,4.8,5247,,0.52,0.52,1.81,,10121,0.57,11
THELEELA,Smallcap250,1.3,18199,,,1.25,1.48,,,1.09,3
LEMONTREE,Smallcap250,8.4,8546,,2.63,1.51,12.36,,3247,0.86,20
MMTC,Smallcap250,10.2,9071,2.02,1.4,1.95,11.41,4496,6465,0.95,29
MGL,Smallcap250,10.2,10794,2.29,1.12,2.83,4.95,4720,9627,1.65,14
MANAPPURAM,Smallcap250,10.2,30096,4.05,2.04,4.92,7.54,7429,14759,2.05,19
MRPL,Smallcap250,10.2,29149,2.31,3.88,2.87,12.9,12593,7520,1.87,23
MINDACORP,Smallcap250,10.2,16218,6.32,5.44,5.81,14.27,2566,2981,6.55,17
MSUMI,Smallcap250,4.5,23198,,,1.26,1.95,,,0.89,6
NATCOPHARM,Smallcap250,10.2,15276,1.39,0.99,1.54,3.54,11014,15493,1.91,17
NBCC,Smallcap250,10.2,22677,1.68,2.85,1.96,13.29,13499,7948,1.99,24
NCC,Smallcap250,10.2,8542,1.77,1.8,2.04,23.32,4838,4737,0.46,29
NSLNISP,Smallcap250,3.6,12880,,,1.38,2.31,,,0.87,7
NH,Smallcap250,10.2,38981,6.11,3.73,6.3,12.35,6381,10455,1.16,22
NAVA,Smallcap250,10.2,15686,10.95,10.43,10.83,48.13,1432,1503,2.62,30
NAVINFLUOR,Smallcap250,10.2,43394,19.24,2.19,22.58,23.56,2255,19843,3.18,17
NETWEB,Smallcap250,3.2,28154,,,5.22,7.5,,,2.59,8
NEULANDLAB,Smallcap250,10.2,28854,22.97,14.81,25.95,95.41,1256,1949,6.99,29
NEWGEN,Smallcap250,8.6,7126,,1.75,4.31,37.17,,4079,2.12,25
NIVABUPA,Smallcap250,1.9,14840,,,1.08,1.38,,,0.85,3
NUVAMA,Smallcap250,3.0,31150,,,3.4,4.79,,,0.75,10
NUVOCO,Smallcap250,5.1,12313,,0.62,0.65,1.78,,19767,0.79,9
OLAELEC,Smallcap250,2.1,18501,,,0.46,2.08,,,1.53,5
OLECTRA,Smallcap250,10.2,10473,57.98,3.06,69.67,117.11,181,3427,4.02,24
ONESOURCE,Smallcap250,1.7,18310,,,0.93,1.77,,,0.86,4
PCBL,Smallcap250,10.2,13592,18.81,3.17,28.13,45.53,723,4285,14.82,18
PGEL,Smallcap250,10.2,14931,33.61,12.68,32.33,393.86,444,1177,9.63,27
PNBHOUSING,Smallcap250,9.9,29693,1.6,2.12,1.6,9.73,18565,13991,6.17,15
PTCIL,Smallcap250,3.3,33516,,,7.28,7.76,,,2.0,6
PVRINOX,Smallcap250,10.2,12938,1.17,0.84,1.36,2.99,11082,15412,0.42,23
PARADEEP,Smallcap250,4.3,16020,,,3.61,6.23,,,0.92,13
PFIZER,Smallcap250,10.2,18416,2.43,0.75,2.46,4.37,7576,24717,1.79,13
PPLPHARMA,Smallcap250,3.9,27923,,,1.14,4.7,,,1.61,8
POLYMED,Smallcap250,10.2,17501,9.34,1.82,8.82,18.98,1874,9594,1.93,25
POONAWALLA,Smallcap250,10.2,41942,5.08,2.86,4.59,41.72,8252,14668,10.8,19
PFOCUS,Smallcap250,10.2,26256,4.58,4.18,5.97,19.97,5728,6285,0.31,38
RRKABEL,Smallcap250,3.0,28013,,,2.09,3.44,,,1.39,5
RBLBANK,Smallcap250,10.0,66410,1.48,2.35,1.49,5.65,45004,28269,3.38,18
RHIM,Smallcap250,10.2,8030,3.84,1.11,4.86,10.76,2090,7254,0.97,22
RITES,Smallcap250,8.2,9807,,1.82,3.44,6.93,,5376,2.03,14
RAILTEL,Smallcap250,5.6,8625,,2.23,2.41,7.32,,3865,2.42,9
RAINBOW,Smallcap250,4.4,14269,,,3.17,4.03,,,1.49,10
RKFORGE,Smallcap250,10.2,12912,9.57,3.49,8.52,38.25,1350,3702,5.67,17
REDINGTON,Smallcap250,10.2,31330,10.18,3.26,11.16,16.37,3078,9601,0.76,31
RPOWER,Smallcap250,10.2,8698,0.41,1.61,0.4,67.88,21403,5418,3.24,27
SBFC,Smallcap250,3.1,10109,,,0.99,1.62,,,0.56,8
SAGILITY,Smallcap250,1.9,21529,,,1.57,1.95,,,1.02,4
SAILIFE,Smallcap250,1.8,34191,,,2.11,2.62,,,1.14,4
SAMMAANCAP,Smallcap250,10.2,16596,0.26,0.73,0.31,3.58,65075,22684,0.84,24
SAPPHIRE,Smallcap250,4.9,7448,,0.96,0.96,2.04,,7797,0.69,13
SARDAEN,Smallcap250,10.2,17829,32.19,7.34,44.08,63.07,554,2427,7.8,23
SAREGAMA,Smallcap250,10.2,9732,24.04,1.42,18.9,38.83,405,6872,4.96,21
SCHNEIDER,Smallcap250,10.2,29730,9.42,10.85,8.21,24.75,3157,2740,0.45,31
SCI,Smallcap250,10.2,12998,4.23,2.61,4.28,14.71,3074,4984,1.81,27
SHYAMMETL,Smallcap250,5.3,30777,,3.1,3.11,4.42,,9923,1.16,13
SIGNATURE,Smallcap250,3.0,10815,,,1.68,3.52,,,0.61,6
SOBHA,Smallcap250,10.2,13303,4.67,1.56,4.2,16.99,2847,8526,1.68,23
SONACOMS,Smallcap250,5.3,51990,,1.53,2.37,2.5,,33937,0.98,9
SONATSOFTW,Smallcap250,10.2,7806,6.9,0.89,5.99,20.15,1132,8806,4.15,18
STARHEALTH,Smallcap250,4.8,32315,,0.61,0.61,1.78,,53359,0.71,8
SUMICHEM,Smallcap250,6.7,23170,,1.19,2.38,4.2,,19404,0.41,15
SUNTV,Smallcap250,10.2,19318,1.29,1.1,1.67,3.79,15018,17629,0.71,18
SPLPETRO,Smallcap250,10.2,16589,9.84,2.81,11.39,16.62,1687,5911,2.28,22
SWANCORP,Smallcap250,10.2,9405,4.9,2.35,4.47,13.18,1921,4007,1.62,30
SYNGENE,Smallcap250,10.2,15370,1.62,0.6,1.82,4.7,9502,25687,0.66,19
SYRMA,Smallcap250,4.1,33120,,,5.59,6.97,,,2.45,7
TBOTEK,Smallcap250,2.4,18201,,,1.21,1.72,,,1.16,3
TATACHEM,Smallcap250,10.2,17066,3.64,0.81,4.83,9.19,4694,20981,1.09,17
TATATECH,Smallcap250,2.8,29092,,,0.57,1.75,,,0.57,7
TTML,Smallcap250,10.2,6965,6.31,1.02,5.14,161.19,1104,6862,7.92,20
TECHNOE,Smallcap250,10.2,11770,3.48,3.91,3.65,10.89,3379,3013,2.69,19
TEGA,Smallcap250,4.8,15618,,2.88,2.88,5.51,,5426,1.57,9
TEJASNET,Smallcap250,9.2,9277,,1.2,2.0,49.56,,7750,2.31,21
RAMCOCEM,Smallcap250,10.2,20913,1.57,0.92,1.59,2.63,13324,22789,0.59,15
TIMKEN,Smallcap250,10.2,24731,6.43,1.89,6.32,9.9,3844,13103,0.91,20
TITAGARH,Smallcap250,10.2,10095,7.27,9.03,9.1,85.96,1388,1118,2.84,24
TARIL,Smallcap250,10.2,8675,16.85,21.63,17.05,248.06,515,401,0.53,34
TRAVELFOOD,Smallcap250,1.2,15996,,,1.14,1.4,,,0.99,1
TRIDENT,Smallcap250,10.2,11934,5.48,1.04,6.03,21.25,2179,11439,1.16,23
TRITURBINE,Smallcap250,10.2,17869,4.89,4.32,4.93,17.48,3656,4136,0.83,24
UCOBANK,Smallcap250,10.2,30145,0.66,1.86,0.55,8.0,45773,16166,1.5,20
UTIAMC,Smallcap250,6.0,11697,,0.99,2.18,3.49,,11853,1.83,12
USHAMART,Smallcap250,10.2,16287,43.81,7.15,33.99,49.41,372,2277,1.6,32
VTL,Smallcap250,10.2,16253,3.22,1.65,3.26,5.72,5041,9874,1.6,18
VIJAYA,Smallcap250,5.0,16178,,2.74,2.56,5.28,,5913,2.48,7
WELCORP,Smallcap250,10.2,73753,44.57,23.23,40.1,55.75,1655,3175,5.42,27
WELSPUNLIV,Smallcap250,10.2,21215,4.11,1.46,2.22,11.56,5162,14521,1.07,25
WHIRLPOOL,Smallcap250,10.2,10982,0.94,0.39,1.06,3.24,11699,28029,0.65,19
WOCKPHARMA,Smallcap250,10.2,37856,2.82,5.94,2.73,16.18,13442,6374,1.62,23
ZFCVINDIA,Smallcap250,10.2,26826,2.32,2.01,2.47,3.73,11570,13374,0.38,23
ZEEL,Smallcap250,10.2,7423,0.16,0.26,0.19,3.16,45166,28754,0.33,18
ZENTEC,Smallcap250,10.2,15041,20.1,8.19,20.03,114.19,748,1837,8.44,25
ZENSARTECH,Smallcap250,10.2,9769,2.53,0.92,2.39,15.2,3866,10591,4.91,12
ZYDUSWELL,Smallcap250,10.2,16894,3.06,1.14,3.49,4.01,5521,14761,1.88,15
ECLERX,Smallcap250,10.2,17708,3.78,2.54,4.01,21.06,4687,6981,5.79,16
ASKAUTOLTD,Microcap250,2.9,12839,,,2.12,2.81,,,1.5,4
AXISCADES,Microcap250,10.2,8252,9.16,27.82,7.62,78.61,901,297,2.49,31
AARTIDRUGS,Microcap250,10.2,3982,3.39,0.72,3.82,9.27,1175,5524,1.67,18
AARTIPHARM,Microcap250,3.6,8525,,,3.31,3.94,,,0.7,11
AVL,Microcap250,1.9,8063,,,1.42,1.98,,,1.02,3
ADVENZYMES,Microcap250,10.1,3282,0.98,0.83,1.35,5.76,3338,3972,0.33,23
AETHER,Microcap250,4.3,21876,,,2.13,2.32,,,1.95,4
AHLUCONT,Microcap250,10.2,3889,5.58,1.54,5.58,14.35,697,2520,0.83,18
AKUMS,Microcap250,2.1,12605,,,1.04,2.0,,,1.19,4
APLLTD,Microcap250,10.2,16598,1.45,1.14,1.65,3.26,11430,14597,0.9,17
ALIVUS,Microcap250,5.1,16981,,2.3,2.12,4.24,,7386,1.84,10
ALKYLAMINE,Microcap250,10.2,9631,15.98,0.49,13.92,42.34,603,19695,2.73,19
ALOKINDS,Microcap250,10.2,3793,2.28,0.34,1.74,38.45,1663,11296,0.91,28
APOLLO,Microcap250,8.6,15035,,34.67,9.32,110.29,,434,0.95,25
ACI,Microcap250,3.8,5859,,,1.06,1.82,,,0.74,6
ARVINDFASN,Microcap250,7.5,5690,,1.63,0.93,5.77,,3493,0.72,18
ARVIND,Microcap250,10.2,14915,5.02,6.15,4.98,31.88,2971,2426,3.04,21
ASHAPURMIN,Microcap250,10.2,5090,8.81,4.49,7.61,54.31,578,1133,1.47,26
ASHOKA,Microcap250,10.2,3167,1.02,1.16,1.02,8.35,3110,2727,0.66,24
ASTRAMICRO,Microcap250,10.2,15211,14.62,8.01,12.88,39.56,1041,1899,3.21,23
AURIONPRO,Microcap250,10.2,3709,13.63,7.26,13.2,134.32,272,511,2.96,33
AVALON,Microcap250,3.4,16357,,,6.14,7.13,,,2.26,7
AVANTIFEED,Microcap250,10.2,10453,4.67,1.48,4.94,10.46,2239,7049,2.01,24
CCAVENUE,Microcap250,10.2,5601,0.88,0.75,1.16,7.06,6396,7447,0.66,26
AWFIS,Microcap250,2.3,1925,,,0.64,2.23,,,0.71,4
AZAD,Microcap250,2.7,17522,,,4.0,4.4,,,0.82,8
BAJAJELEC,Microcap250,10.2,3802,1.42,0.24,1.52,7.9,2683,15627,0.67,22
BALAMINES,Microcap250,10.2,7359,8.03,0.5,8.84,23.11,917,14627,4.71,24
BALUFORGE,Microcap250,2.4,6145,,,1.84,3.27,,,0.85,4
BANCOINDIA,Microcap250,10.2,8750,9.75,7.75,15.04,37.12,897,1129,2.92,24
BIRLACORPN,Microcap250,10.2,6468,1.43,0.67,1.66,4.88,4520,9662,3.06,14
BBOX,Microcap250,10.2,14383,49.05,3.86,65.28,107.41,293,3724,2.44,24
BLACKBUCK,Microcap250,1.9,11227,,,2.37,2.9,,,1.36,3
BLUESTONE,Microcap250,1.1,13070,,,1.57,2.31,,,1.37,2
BORORENEW,Microcap250,8.3,6991,,1.57,9.42,27.89,,4449,1.69,17
CMSINFO,Microcap250,4.7,3747,,,1.06,2.89,,,1.24,5
CSBBANK,Microcap250,6.8,5701,,1.11,1.12,5.59,,5133,0.92,11
CAMPUS,Microcap250,4.4,6451,,,0.56,2.04,,,0.48,10
CELLO,Microcap250,2.9,7159,,,0.41,1.37,,,0.77,3
CENTURYPLY,Microcap250,10.2,15816,3.22,1.64,3.56,9.08,4917,9618,2.21,17
CERA,Microcap250,10.2,7118,2.45,1.26,2.4,5.74,2904,5670,1.91,16
CRIZAC,Microcap250,1.2,3088,,,0.59,1.35,,,0.92,1
CUPID,Microcap250,10.0,36824,122.29,124.34,122.29,311.51,301,296,10.94,25
DCBBANK,Microcap250,10.2,7207,1.93,2.58,2.31,3.99,3726,2795,1.28,21
DATAMATICS,Microcap250,10.2,4669,11.04,2.66,13.6,37.66,423,1755,1.45,31
DBL,Microcap250,10.1,6718,1.83,0.8,1.67,6.04,3672,8370,2.53,17
AGARWALEYE,Microcap250,1.6,15686,,,1.23,1.68,,,0.67,6
DYNAMATECH,Microcap250,10.2,8531,4.23,4.2,5.06,28.09,2017,2031,5.07,19
EPL,Microcap250,10.2,7659,2.65,1.05,2.6,3.93,2887,7290,0.46,28
EDELWEISS,Microcap250,10.2,13444,2.87,3.7,4.22,9.63,4687,3633,1.22,29
EMIL,Microcap250,3.9,7361,,,2.26,3.84,,,0.78,9
ELECTCAST,Microcap250,10.2,4588,3.82,2.16,4.43,28.86,1200,2129,6.78,21
ELLEN,Microcap250,1.2,5233,,,0.69,2.11,,,1.04,2
EMBDL,Microcap250,10.2,8510,0.71,0.41,0.67,4.94,12045,20941,1.23,35
ENTERO,Microcap250,2.6,8019,,,1.6,2.0,,,0.95,8
EIEL,Microcap250,1.8,3569,,,0.98,1.84,,,0.71,4
EQUITASBNK,Microcap250,5.9,8269,,1.25,2.25,3.54,,6626,0.95,12
ETHOSLTD,Microcap250,4.3,7118,,,3.31,4.61,,,1.28,9
EUREKAFORB,Microcap250,2.0,7328,,,0.75,1.39,,,0.75,4
FEDFINA,Microcap250,2.8,5755,,,1.09,2.14,,,0.8,6
FIEMIND,Microcap250,10.2,5065,4.38,3.77,4.72,24.61,1157,1344,1.19,21
FINPIPE,Microcap250,10.2,9532,1.95,0.86,2.15,6.13,4879,11142,2.06,13
GHCL,Microcap250,10.2,3887,2.1,1.15,2.86,11.55,1848,3385,0.56,24
GMMPFAUDLR,Microcap250,8.5,6441,,0.96,6.15,9.92,,6698,1.35,20
GMRP&UI,Microcap250,4.5,7664,,,2.15,11.17,,,1.29,13
GRWRHITECH,Microcap250,4.6,15188,,,7.93,15.04,,,2.97,11
GODREJAGRO,Microcap250,8.9,12893,,1.13,1.27,3.3,,11442,1.44,11
GOKEX,Microcap250,10.2,5205,9.64,3.69,6.33,44.07,540,1410,0.89,37
GOKULAGRO,Microcap250,10.2,6663,31.76,11.6,31.54,65.21,210,574,1.54,36
GREAVESCOT,Microcap250,10.2,4799,1.78,1.56,1.75,4.53,2694,3072,0.41,29
GRINDWELL,Microcap250,10.2,21896,6.77,1.45,5.89,10.15,3233,15077,2.17,15
GAEL,Microcap250,10.2,7485,8.35,1.92,11.12,13.93,896,3908,1.15,29
GNFC,Microcap250,10.2,9155,4.9,1.79,5.19,9.7,1868,5102,1.84,24
GPPL,Microcap250,10.2,7937,1.44,2.11,1.55,6.18,5529,3759,1.6,18
GSFC,Microcap250,10.2,6190,2.69,1.52,2.67,11.01,2302,4070,0.74,19
HGINFRA,Microcap250,8.5,2937,,0.72,1.71,13.4,,4092,0.91,18
HAPPSTMNDS,Microcap250,6.0,4774,,0.23,0.89,4.96,,20777,1.31,9
HCG,Microcap250,10.2,10641,3.31,2.87,3.74,11.72,3210,3712,0.61,20
HEMIPROP,Microcap250,5.9,3447,,0.85,1.31,4.31,,4067,0.87,12
HERITGFOOD,Microcap250,10.2,3935,2.19,1.88,3.41,9.05,1797,2097,3.48,18
HCC,Microcap250,10.2,5807,0.63,2.3,1.07,15.27,9154,2528,0.59,36
IFBIND,Microcap250,10.2,5100,2.93,1.03,3.66,9.71,1742,4968,1.57,25
IIFLCAPS,Microcap250,7.0,11134,,4.3,18.24,26.95,,2590,1.42,19
INOXINDIA,Microcap250,2.8,19720,,,2.31,2.84,,,1.73,3
INDIAGLYCO,Microcap250,10.2,1727,5.38,0.79,5.68,28.85,321,2186,1.64,23
INDIASHLTR,Microcap250,2.8,7283,,,1.25,1.91,,,0.77,4
IMFA,Microcap250,10.2,6831,18.01,4.2,22.03,38.3,379,1626,4.78,24
INDIGOPNTS,Microcap250,5.6,5442,,0.45,0.37,1.72,,12184,0.7,7
ICIL,Microcap250,10.2,9438,3.39,1.81,2.7,22.07,2787,5206,2.54,31
INOXGREEN,Microcap250,3.8,7018,,,2.96,7.03,,,1.22,9
IONEXCHANG,Microcap250,4.6,5287,,,2.34,4.7,,,0.71,12
JAIBALAJI,Microcap250,10.2,6092,25.3,6.32,38.6,169.87,241,964,29.69,20
JKLAKSHMI,Microcap250,10.2,6346,1.16,0.83,1.35,5.76,5461,7629,1.92,17
JKPAPER,Microcap250,10.2,7529,8.02,1.88,8.1,14.08,939,4008,1.08,27
JAMNAAUTO,Microcap250,10.2,5182,3.54,1.57,4.57,7.36,1463,3305,0.65,26
JSFB,Microcap250,2.6,5784,,,1.48,2.0,,,0.88,3
JAYNECOIND,Microcap250,10.2,8871,12.6,4.57,11.42,60.65,704,1942,0.64,35
JSLL,Microcap250,4.4,6517,,,5.56,31.27,,,7.96,11
JLHL,Microcap250,3.0,8984,,,1.28,1.72,,,0.61,7
JUSTDIAL,Microcap250,10.2,5899,1.48,0.7,1.15,4.99,3987,8415,0.87,22
JYOTHYLAB,Microcap250,10.2,7128,1.35,1.25,1.52,6.98,5286,5690,1.62,15
KNRCON,Microcap250,10.2,3425,1.77,0.42,2.17,7.45,1939,8166,0.8,22
KPIGREEN,Microcap250,5.2,6920,,24.05,25.24,55.67,,288,0.53,15
KRBL,Microcap250,10.2,9267,1.81,1.46,1.55,5.18,5112,6338,0.87,25
KRN,Microcap250,2.0,9247,,,2.95,3.93,,,0.76,7
KSB,Microcap250,10.2,14327,7.15,3.41,6.01,13.31,2003,4196,1.23,19
KANSAINER,Microcap250,10.2,14767,0.81,0.47,0.96,2.26,18237,31669,0.63,13
KTKBANK,Microcap250,10.2,12974,3.93,5.77,4.21,11.75,3299,2247,2.52,22
KSCL,Microcap250,10.2,3627,2.19,1.25,1.71,5.51,1654,2906,0.83,25
KIRLOSBROS,Microcap250,10.2,14248,12.48,5.17,14.3,34.21,1142,2758,4.93,22
KIRLPNU,Microcap250,3.4,9250,,,2.38,3.92,,,3.29,4
KITEX,Microcap250,10.2,2421,1.11,2.21,1.02,13.32,2171,1094,9.13,17
LXCHEM,Microcap250,5.5,5237,,0.35,1.16,3.64,,14986,1.23,10
IXIGO,Microcap250,2.3,7229,,,0.99,2.68,,,1.22,5
LLOYDSENGG,Microcap250,10.2,14182,58.46,32.15,40.19,339.4,243,441,4.29,25
LLOYDSENT,Microcap250,1.9,11319,,,1.38,2.47,,,0.95,5
LUMAXTECH,Microcap250,10.2,13938,27.07,15.55,36.89,46.69,515,896,0.08,41
MOIL,Microcap250,10.2,5061,2.7,1.72,2.82,6.98,1873,2939,0.44,25
MSTCLTD,Microcap250,7.5,5296,,3.03,8.62,16.91,,1746,2.42,22
MAHSCOOTER,Microcap250,10.2,15165,10.68,3.23,11.36,15.73,1420,4700,3.46,16
MAHSEAMLES,Microcap250,10.2,9417,7.12,4.77,7.01,11.74,1323,1974,2.0,24
MANORAMA,Microcap250,4.2,12179,,,9.43,11.8,,,1.24,12
MARKSANS,Microcap250,10.2,15752,8.11,5.13,7.47,34.43,1943,3071,1.92,21
MASTEK,Microcap250,10.2,4878,14.2,0.53,13.39,34.2,343,9279,4.95,20
MEDPLUS,Microcap250,4.7,7950,,,0.59,1.7,,,0.44,11
METROPOLIS,Microcap250,7.4,12146,,0.78,2.5,3.84,,15587,2.23,11
MIDHANI,Microcap250,8.5,7797,,2.34,5.11,6.53,,3331,0.57,20
BECTORFOOD,Microcap250,5.7,6726,,2.75,1.9,8.63,,2450,1.52,13
NEOGEN,Microcap250,7.4,7186,,1.92,9.22,10.31,,3739,1.02,20
NESCO,Microcap250,10.2,7599,3.42,1.8,3.51,5.24,2222,4232,2.59,14
NFL,Microcap250,10.2,3328,2.47,1.22,2.34,10.11,1349,2732,1.43,19
NAZARA,Microcap250,5.5,14338,,1.39,1.87,3.08,,10303,1.5,11
NETWORK18,Microcap250,10.2,4192,0.62,0.53,0.58,8.48,6780,7954,1.01,26
OPTIEMUS,Microcap250,9.1,7469,,2.5,14.62,56.55,,2988,4.64,23
ORIENTCEM,Microcap250,10.2,2566,0.66,0.83,0.77,10.69,3908,3091,1.64,15
OSWALPUMPS,Microcap250,1.3,3241,,,0.45,1.51,,,1.08,1
PNGJL,Microcap250,2.0,8906,,,0.76,1.47,,,0.87,3
PCJEWELLER,Microcap250,10.2,14122,0.59,5.69,0.75,23.84,23850,2484,21.05,27
PNCINFRA,Microcap250,10.2,3570,1.19,0.38,1.25,6.61,2996,9340,0.87,21
PTC,Microcap250,10.2,4650,4.01,2.32,4.04,10.77,1160,2007,1.86,21
PARAS,Microcap250,5.0,11131,,2.81,2.81,3.66,,3963,0.64,13
PGIL,Microcap250,10.2,12017,31.44,18.59,23.16,59.93,382,646,3.65,28
PICCADIL,Microcap250,1.2,6127,,,1.03,1.52,,,0.96,3
POWERMECH,Microcap250,10.2,7757,10.33,5.42,8.67,22.56,751,1432,3.55,15
PRAJIND,Microcap250,10.2,5885,4.23,0.98,3.94,19.56,1392,6016,1.56,22
PRICOLLTD,Microcap250,10.2,9307,7.38,8.39,10.98,38.82,1261,1109,0.88,29
PRSMJOHNSN,Microcap250,10.2,5861,1.09,0.95,1.08,8.44,5382,6186,1.51,15
PRIVISCL,Microcap250,10.2,13609,11.63,1.91,14.38,15.44,1170,7132,2.83,24
PRUDENT,Microcap250,4.3,13882,,,6.0,7.77,,,1.47,10
PURVA,Microcap250,10.2,5142,5.08,1.83,5.05,18.83,1013,2813,1.48,29
QPOWER,Microcap250,1.6,12047,,,4.02,5.7,,,1.3,5
QUESS,Microcap250,10.2,5363,0.74,0.44,0.81,5.91,7213,12173,1.02,20
RAIN,Microcap250,10.2,7462,5.17,1.01,6.69,13.81,1443,7361,2.44,28
RALLIS,Microcap250,10.2,3940,1.07,0.75,1.07,2.93,3678,5261,0.7,20
RCF,Microcap250,10.2,6048,3.12,1.51,2.71,12.17,1941,3998,1.74,19
RATEGAIN,Microcap250,4.8,10087,,2.5,2.5,4.15,,4027,1.31,10
RATNAMANI,Microcap250,10.2,19631,7.99,1.97,8.36,11.84,2456,9981,2.34,15
RTNINDIA,Microcap250,10.2,3791,7.84,0.63,7.22,72.28,483,6041,0.97,24
RTNPOWER,Microcap250,10.2,3818,0.75,1.62,0.59,20.1,5102,2363,4.78,27
RAYMONDLSL,Microcap250,2.1,4126,,,0.24,1.45,,,0.81,3
REDTAPE,Microcap250,3.1,6694,,,0.25,2.3,,,0.82,5
REFEX,Microcap250,10.2,3934,120.01,9.47,106.11,259.74,33,416,1.41,34
RELAXO,Microcap250,10.2,7426,1.44,0.26,1.3,7.43,5147,28387,2.03,13
RELIGARE,Microcap250,10.2,8679,0.94,1.4,0.92,17.89,9225,6188,1.3,23
RBA,Microcap250,5.8,6755,,0.59,0.7,1.86,,11415,0.49,10
ROUTE,Microcap250,6.0,2982,,0.25,0.77,3.55,,11941,0.58,10
SKFINDIA,Microcap250,10.2,7514,1.25,0.54,1.32,6.39,6016,13998,1.57,13
SKYGOLD,Microcap250,3.7,12299,,,35.55,37.97,,,5.64,12
SMLMAH,Microcap250,10.2,9832,5.42,12.94,6.23,24.05,1816,760,2.16,20
SHRIPISTON,Microcap250,10.2,20827,7.9,9.73,9.99,24.88,2637,2140,3.61,17
SAFARI,Microcap250,7.0,7308,,3.62,5.35,17.18,,2018,2.0,16
SAMHI,Microcap250,3.0,3558,,,1.12,1.81,,,0.7,6
SANDUMA,Microcap250,3.0,9142,,,2.14,3.31,,,0.5,8
SANOFICONR,Microcap250,2.0,9238,,,0.84,1.27,,,0.72,4
SANSERA,Microcap250,5.0,28846,,5.7,5.7,8.29,,5056,7.43,2
SENCO,Microcap250,3.2,5610,,,1.71,4.07,,,0.75,8
SHAILY,Microcap250,4.5,14769,,,7.98,17.88,,,1.88,10
SHAKTIPUMP,Microcap250,10.2,5884,23.03,3.94,18.98,78.35,255,1492,6.62,27
SHARDACROP,Microcap250,10.2,6839,2.34,2.4,2.24,13.11,2926,2845,1.5,25
SHAREINDIA,Microcap250,6.0,4814,,1.78,10.55,21.03,,2711,3.25,10
SFL,Microcap250,9.8,7023,1.28,0.53,1.28,4.31,5491,13322,0.88,18
SHILPAMED,Microcap250,10.2,20296,3.97,3.73,3.75,10.33,5112,5443,1.43,25
RENUKA,Microcap250,10.2,4904,1.42,0.82,1.34,18.94,3448,5949,0.27,29
SKIPPER,Microcap250,10.2,6933,3.87,7.0,3.72,37.51,1790,990,0.68,32
SMARTWORKS,Microcap250,1.2,6189,,,1.22,1.48,,,1.14,1
SOUTHBANK,Microcap250,10.2,12332,2.43,4.92,2.58,10.28,5081,2509,2.23,24
STARCEMENT,Microcap250,9.2,7648,,1.77,1.53,4.59,,4330,0.63,20
SWSOLAR,Microcap250,7.1,4221,,0.51,0.26,10.96,,8297,1.35,15
STAR,Microcap250,10.2,11275,1.38,2.08,1.22,6.2,8181,5429,1.19,22
STYRENIX,Microcap250,10.2,3748,5.88,2.48,5.33,13.96,638,1513,7.47,14
SUBROS,Microcap250,10.2,4772,5.6,2.24,8.38,13.62,852,2127,0.62,26
SUDARSCHEM,Microcap250,10.2,9848,3.68,1.92,6.04,7.79,2680,5141,1.1,24
SPARC,Microcap250,10.2,6674,0.58,0.71,0.58,5.47,11543,9432,0.92,20
SUNTECK,Microcap250,10.2,4260,2.38,0.6,2.55,7.27,1793,7056,2.02,20
SUPRIYA,Microcap250,4.7,8056,,,2.58,6.01,,,0.83,13
SURYAROSNI,Microcap250,10.2,4671,4.77,1.22,5.77,27.75,979,3840,5.59,19
TARC,Microcap250,5.8,3826,,2.83,5.88,13.27,,1353,1.67,14
TDPOWERSYS,Microcap250,10.2,24014,43.73,24.87,35.47,108.11,549,966,0.81,31
TSFINV,Microcap250,8.5,10197,,6.98,1.98,24.11,,1461,2.95,17
TVSSCS,Microcap250,3.1,5845,,,0.66,1.56,,,0.6,6
TMB,Microcap250,4.0,14591,,,1.96,2.53,,,1.68,5
TANLA,Microcap250,10.2,6608,14.93,0.65,15.01,75.91,443,10164,0.91,29
TEXRAIL,Microcap250,10.2,5076,1.27,4.07,1.52,21.55,4005,1248,0.6,30
THANGAMAYL,Microcap250,10.2,16526,44.08,10.24,41.34,100.54,375,1614,3.63,24
ANUP,Microcap250,7.5,3402,,3.6,7.75,32.47,,946,3.72,17
THOMASCOOK,Microcap250,10.2,4898,1.51,1.66,1.37,11.76,3246,2942,1.09,20
THYROCARE,Microcap250,10.2,9132,3.34,1.51,3.81,8.19,2731,6028,1.73,19
TI,Microcap250,10.2,14911,39.64,15.12,33.32,57.21,376,986,4.54,29
TIMETECHNO,Microcap250,10.2,8982,4.4,5.24,8.0,22.31,2043,1713,2.2,22
TIPSMUSIC,Microcap250,10.2,8549,135.38,5.96,128.08,195.75,63,1434,17.1,22
TRANSRAILL,Microcap250,1.8,6564,,,0.89,1.82,,,0.71,4
TRIVENI,Microcap250,10.2,5340,5.16,1.48,4.16,17.72,1036,3620,2.04,24
UJJIVANSFB,Microcap250,6.8,12879,,3.59,1.27,5.66,,3587,1.13,13
VGUARD,Microcap250,10.2,13823,2.54,1.25,3.29,5.51,5433,11042,1.21,14
VMART,Microcap250,10.2,6259,6.24,0.88,6.46,10.01,1004,7129,2.08,23
VIPIND,Microcap250,10.2,4246,2.47,0.61,2.61,6.83,1717,6946,1.78,18
V2RETAIL,Microcap250,10.2,7863,21.91,14.02,33.72,76.31,359,561,24.4,21
DBREALTY,Microcap250,10.2,5504,2.16,3.68,1.75,74.39,2552,1494,2.26,24
WABAG,Microcap250,10.2,12803,3.8,6.05,3.53,30.36,3372,2115,2.38,21
VAIBHAVGBL,Microcap250,10.2,3513,3.95,0.32,4.47,20.39,889,10927,3.72,17
VARROC,Microcap250,8.2,12782,,2.85,0.82,7.11,,4488,0.62,19
MANYAVAR,Microcap250,4.6,12906,,,0.59,1.81,,,0.95,5
VIKRAMSOLR,Microcap250,1.1,5919,,,0.46,1.38,,,0.92,1
VIYASH,Microcap250,10.2,11196,2.15,1.17,2.11,7.61,5208,9570,2.95,19
VOLTAMP,Microcap250,10.2,10925,15.33,7.92,16.11,21.7,713,1379,1.17,31
WAAREERTL,Microcap250,1.5,8851,,,0.99,1.55,,,0.77,3
WEBELSOLAR,Microcap250,10.2,3210,20.72,11.67,16.18,154.37,155,275,13.51,23
WELENT,Microcap250,10.2,10497,14.14,8.13,15.56,26.91,742,1292,2.63,27
WESTLIFE,Microcap250,7.1,9293,,1.06,2.13,3.63,,8807,0.82,15
YATHARTH,Microcap250,3.1,11198,,,3.48,3.72,,,2.54,5
ZAGGLE,Microcap250,3.0,2423,,,1.14,3.67,,,0.73,8
